text,label,predicted_label,predicted_probability,prob_negative,prob_neutral,prob_positive
android marshmallow <number> . <number> . <number> won't let me log on the by existing account just keeps saying setting up bbm please fix,negative,negative,0.7387655377388,0.7387655377388,0.23049207031726837,0.030742423608899117
map animation stopped working,negative,negative,0.9237076044082642,0.9237076044082642,0.0625399500131607,0.013752416707575321
"good, but slow workflow.",positive,neutral,0.6383643746376038,0.012642166577279568,0.6383643746376038,0.3489935100078583
nice app to use with friends,neutral,positive,0.9162068963050842,0.007829486392438412,0.07596362382173538,0.9162068963050842
"i love this app, but i wish they had more outfit selections for maternity. other than that it's pretty awesome.",positive,positive,0.8825924396514893,0.013455822132527828,0.10395172238349915,0.8825924396514893
radar in motion won't work.,negative,negative,0.967395544052124,0.967395544052124,0.025010626763105392,0.007593919523060322
only opened <number> st <number> th pages of <url>,negative,negative,0.8096688985824585,0.8096688985824585,0.1580236852169037,0.03230737894773483
when i was being rained on it said no rain in your <url> it is still a good weather app.,neutral,neutral,0.5910609364509583,0.046890102326869965,0.5910609364509583,0.3620489537715912
everthing is tought before its use,neutral,negative,0.521645188331604,0.521645188331604,0.4255116879940033,0.05284310504794121
good content. worth downloading,neutral,positive,0.8275170922279358,0.0073881205171346664,0.1650947779417038,0.8275170922279358
"it's a great and fun app for emoji use, i like the customization. but there needs to be more clothing and style options. i feel like there needs to be styles with clothing and hair, such as punk, goth, rocker, traditional, futuristic, fairy, and many more. other than wanting more styles to choose from this app is great",positive,positive,0.8619912266731262,0.008137867785990238,0.12987087666988373,0.8619912266731262
"wow, this is a terrible app. no open dialog or page goto. i had expected better from an actual adobe app.",negative,negative,0.9684863090515137,0.9684863090515137,0.023406274616718292,0.008107470348477364
i m fed of this <url> has posted it add every where,negative,negative,0.6300457715988159,0.6300457715988159,0.29015105962753296,0.07980319112539291
it is very usefull browser,positive,positive,0.7745072841644287,0.01118041668087244,0.21431228518486023,0.7745072841644287
its a bit slow vs thinking office and also text anti aliasing is bad,neutral,neutral,0.8577786087989807,0.06816326826810837,0.8577786087989807,0.07405807822942734
"it was great for me and the owner was very nice to us.,but the price change when i pay from <number> to <number>",neutral,neutral,0.6307819485664368,0.0631011426448822,0.6307819485664368,0.3061169385910034
provide some good <url> the only bad thing about this app is lack of good <url> hope you make it <url>,neutral,positive,0.6523758172988892,0.016870345920324326,0.3307538330554962,0.6523758172988892
problem with saving large photos plz fix ir,neutral,neutral,0.7157360315322876,0.2019193470478058,0.7157360315322876,0.08234461396932602
its a good app but we dont have a night mode option for reading in which the background becomes black and text becomes white in color.,positive,neutral,0.8302443623542786,0.024014731869101524,0.8302443623542786,0.14574085175991058
i hate the new version of bbm,negative,negative,0.9567052721977234,0.9567052721977234,0.03386231139302254,0.009432481601834297
is an interesting app to use.,positive,positive,0.8898167610168457,0.008692464791238308,0.10149075090885162,0.8898167610168457
"used to be great. now lots of issues with network. i keep getting no network errors, as failed to update errors even when signal is great, or i'm connected to my wi-fi at home.",neutral,neutral,0.5876783728599548,0.35833901166915894,0.5876783728599548,0.053982604295015335
it always has me in virginia and i live in florida,neutral,neutral,0.4926685392856598,0.10620462149381638,0.4926685392856598,0.401126891374588
it is the very good ape to any one download,positive,positive,0.8935328722000122,0.009439243003726006,0.09702792763710022,0.8935328722000122
not up to the mark,neutral,neutral,0.7127318382263184,0.19929282367229462,0.7127318382263184,0.08797534555196762
useless boring it's of no use now days just like mxit,negative,negative,0.9196189045906067,0.9196189045906067,0.06673403084278107,0.013647012412548065
very easy to use,positive,positive,0.9105457663536072,0.009298826567828655,0.08015533536672592,0.9105457663536072
worst upadate this update dont respond whenever i access my download section so hated it.,negative,negative,0.9693337082862854,0.9693337082862854,0.024103978648781776,0.006562343332916498
i have lots of state that i watch. my home town will not show what it feels like. all the others do. i have tried a few different things and it won't work. don't understand but it is important to me to know how cold it feels out. i can go to hourly and it tells me but should not have to! i'm uninstalling!,neutral,neutral,0.6073935627937317,0.3214537501335144,0.6073935627937317,0.0711527019739151
better and more accurate then most other weather apps.,positive,positive,0.9011025428771973,0.009754723869264126,0.08914268761873245,0.9011025428771973
fun!!! just wish i could make one of my bf.,neutral,positive,0.9158667922019958,0.011127127334475517,0.07300611585378647,0.9158667922019958
worthless does not open password protected pdf as stated,negative,negative,0.9560104012489319,0.9560104012489319,0.03603919968008995,0.007950305007398129
shoddy ui and keeps logging me out,negative,negative,0.7277176976203918,0.7277176976203918,0.2455657571554184,0.026716556400060654
"very accurate, which is important! how about a <number> x <number> widget?",positive,positive,0.7470641136169434,0.011583473533391953,0.2413524091243744,0.7470641136169434
i like the set up.,positive,positive,0.8966226577758789,0.008914736099541187,0.0944625660777092,0.8966226577758789
"looks interesting at initial install, however the advertisement photos and the camera lay out are different to my install on a samsung galaxy note <number> . missing too many features compared to the full pc. version, particularly tagging and indexing. camera is not as good as the original camera being on the dark side. a nice app. however adds not enough to warrant keeping. perhaps in the future updates. most notably is missing the side by side photo comparison which was the main reason for installation.",neutral,neutral,0.8022029399871826,0.023375846445560455,0.8022029399871826,0.1744212657213211
nexus <number> and samsung s <number>,positive,neutral,0.5106731653213501,0.3404052257537842,0.5106731653213501,0.14892159402370453
"crashing. app crashes and freezes constantly. on htc one m <number> , and the app is completely broken.",negative,negative,0.9620633125305176,0.9620633125305176,0.0296323224902153,0.008304386399686337
plz provide watermarking <url>,positive,positive,0.539543092250824,0.07150644063949585,0.38895049691200256,0.539543092250824
u can download all movies in any language at movie <url> it okkk,neutral,neutral,0.685458242893219,0.20663703978061676,0.685458242893219,0.10790473967790604
pls add more features for android like iphone features,neutral,positive,0.5237476825714111,0.034803152084350586,0.44144919514656067,0.5237476825714111
nice app but when i taking picture with this app i have little problem here the range have limited only <number> - <number> meter even i set focus to infinity still can't get to it. i shoot with pro mode <url> you can fix that it will be <url>,neutral,positive,0.700153648853302,0.012938244268298149,0.2869080901145935,0.700153648853302
it's not a web browser. it's an ad browser,negative,negative,0.8713922500610352,0.8713922500610352,0.11538182944059372,0.013225922361016273
a lot of a bug here,negative,neutral,0.5011524558067322,0.44665902853012085,0.5011524558067322,0.05218848958611488
shame forest starts again every day would be nice to build a huge forest like monthly or so,positive,neutral,0.5137535333633423,0.41201460361480713,0.5137535333633423,0.07423187792301178
"this app is so fun! my friends and family love exchanging silly bitmojis in our texts. the only reason why i gave it <number> stars is because i wish there was a way for your to organize the bitmojis, so you can quickly access certain ones instead of having to scroll through them or search. also, the outfits are pretty awful. they need a little more fashion. lol however, the art and creativity in the bitmojis are terrific!",positive,positive,0.8240493535995483,0.010730479843914509,0.1652202010154724,0.8240493535995483
i love it but we need video support!,neutral,positive,0.7841450572013855,0.03562439978122711,0.180230513215065,0.7841450572013855
the app is is good but,neutral,neutral,0.7670844793319702,0.019352195784449577,0.7670844793319702,0.21356332302093506
it is taking forever to load. never had this issue before. just started a few weeks ago,neutral,neutral,0.6502355337142944,0.24268434941768646,0.6502355337142944,0.10708010196685791
map stopped animating over a week ago on my samsung galaxy s <number> . please fix. used to be the <signature>,negative,negative,0.6771838665008545,0.6771838665008545,0.28086602687835693,0.04195006191730499
"it definitely helps me stay focused and off my phone. the one complaint i have is that when i have my phone on silent/vibrate, when i plant a tree my phone goes into standard/sounds on mode. i don't like that at all, i have it on silent for a reason.",positive,positive,0.5112272500991821,0.0136150773614645,0.4751577377319336,0.5112272500991821
one   for doing this nasty ios port,negative,negative,0.946269690990448,0.946269690990448,0.040967442095279694,0.012762931175529957
unmounted my sd card,negative,negative,0.9514297842979431,0.9514297842979431,0.03958441689610481,0.008985745720565319
why can i not delete saved locations? and ive read thtough it many times and dont see anyway at all to delte previously saved locations!!? im going to have to uninstall the app and then reinstall it to reset this location deleting issue u have!?!???,neutral,negative,0.8874730467796326,0.8874730467796326,0.09777840971946716,0.014748606830835342
"lacks capability to browse for local file. no goto page option, <number> page documents impossible to read. no 'bookmark' to save <url> apps avail",negative,negative,0.8559304475784302,0.8559304475784302,0.13536958396434784,0.008700015023350716
bbm is easy to use and simple way for chating to my friends and <url> !,neutral,positive,0.8764128088951111,0.009149731136858463,0.1144375130534172,0.8764128088951111
make it better please,positive,neutral,0.5711038708686829,0.019663605839014053,0.5711038708686829,0.40923255681991577
"i liked the game as well as the concept. it would be better if it gave a sort of buzzer when time was up, and if you could add some personalization.",positive,positive,0.8531139492988586,0.009122795425355434,0.13776332139968872,0.8531139492988586
"useful app nice app for opening documents, no adverts,easy to use and doesn't need a lot of experience",positive,positive,0.9222894310951233,0.0068459417670965195,0.07086457312107086,0.9222894310951233
easy to book and great choice and information.,positive,positive,0.9389446973800659,0.009861413389444351,0.05119390785694122,0.9389446973800659
never trust earth networks again,negative,negative,0.9404165744781494,0.9404165744781494,0.04736422374844551,0.012219168245792389
what happened to the elite version i paid for?,negative,negative,0.9627671241760254,0.9627671241760254,0.028864271938800812,0.008368650451302528
lots of problems with the map,neutral,neutral,0.6233471035957336,0.29077309370040894,0.6233471035957336,0.08587981015443802
simple and easy to use,positive,positive,0.892178475856781,0.010002011433243752,0.09781955182552338,0.892178475856781
"enjoyed the app until the <url> then the ticker quit <url> the pop up ads in the ticker are annoying. when you get all that shut off in settings, it works great!",positive,positive,0.689296543598175,0.012125765904784203,0.2985776364803314,0.689296543598175
radar does not work. will not stay on my home city.,negative,negative,0.9676571488380432,0.9676571488380432,0.024120405316352844,0.008222469128668308
it would be nice if it was in different languages.,neutral,positive,0.5016910433769226,0.010782436467707157,0.4875265061855316,0.5016910433769226
some tools can be available and improved without having to open an account or sign in each time like with drive but in general is pretty useful and have good features also please create the bin icon instead of the <number> dots and once you choose a file you can't delete only if you go back,positive,positive,0.756419837474823,0.009117801673710346,0.23446239531040192,0.756419837474823
"i love it! however, i do a lot of work on my phone and so i would like an option to run the app while using my phone, without it killing a tree!",positive,positive,0.896852433681488,0.020396025851368904,0.08275151997804642,0.896852433681488
good app easy to use. the lens correction function doesn't seem to work though. but maybe i am unaware of how it's supposed to work.,positive,positive,0.6941067576408386,0.008875555358827114,0.2970176637172699,0.6941067576408386
there should be feature by which we can see who saw my message in a group and who doesn't. like we have in what's app,positive,neutral,0.6550400853157043,0.025472769513726234,0.6550400853157043,0.3194871246814728
"can we get this to, somehow, plant an actual tree? say, for a certain amount of trees grown succesfully a tree gets planted at some forest in need.",negative,positive,0.4861627519130707,0.040127500891685486,0.4737098217010498,0.4861627519130707
contains alot of ads,positive,neutral,0.6277401447296143,0.27439847588539124,0.6277401447296143,0.09786136448383331
can't search area,negative,negative,0.8441378474235535,0.8441378474235535,0.1446302831172943,0.011231955140829086
good app for team communications,positive,positive,0.776120126247406,0.011129001155495644,0.2127508968114853,0.776120126247406
stopped showing up in my status bar,neutral,negative,0.5015640258789062,0.5015640258789062,0.4309382736682892,0.06749769300222397
use it for studying,positive,positive,0.9094316959381104,0.015071932226419449,0.07549634575843811,0.9094316959381104
too much ads i dont want uc news stop showing me ads to download uc news,negative,negative,0.9315130710601807,0.9315130710601807,0.06175508350133896,0.006731772795319557
installed this app on my zt <number> tablet but wont work annoying!,negative,negative,0.9531207084655762,0.9531207084655762,0.040113698691129684,0.006765550933778286
the tree does not die no matter which app i <url> i have tried every setting possible but it doesnot <url>,negative,negative,0.8383663296699524,0.8383663296699524,0.130787655711174,0.03084605373442173
i love  this app,positive,neutral,0.34232720732688904,0.33375248312950134,0.34232720732688904,0.32392027974128723
need to have female and males,neutral,neutral,0.5751462578773499,0.1862736940383911,0.5751462578773499,0.23858004808425903
add tick tick clock sound in it,positive,positive,0.8201963901519775,0.014081787317991257,0.1657218486070633,0.8201963901519775
the radar won't work with samsung galaxy s <number> . so lame,negative,negative,0.9561392068862915,0.9561392068862915,0.0360458567738533,0.007814936339855194
great app. and loads pdf docs faster than many other apps,positive,positive,0.9363337755203247,0.01096667256206274,0.0526994951069355,0.9363337755203247
"fun app! wish i could draw some added details, but fun anyway.",positive,positive,0.8602795004844666,0.008558634668588638,0.1311618834733963,0.8602795004844666
pretty cool app to have.,positive,positive,0.6537855267524719,0.012158270925283432,0.33405619859695435,0.6537855267524719
"clumsy auto-import, but great overall",positive,neutral,0.5565134286880493,0.01635522022843361,0.5565134286880493,0.42713138461112976
useless without raw support,negative,negative,0.9651735424995422,0.9651735424995422,0.02688911370933056,0.00793741550296545
tried to use it for my team at work but they just wanted to use the whatsapp groups they currently do which is basically the same thing.,neutral,negative,0.6404277682304382,0.6404277682304382,0.31718799471855164,0.042384181171655655
i think this a smart browser but opera mini fast then uc but good effort by devolpers,positive,positive,0.6307445168495178,0.010412178933620453,0.3588433563709259,0.6307445168495178
i am facing problem while using it needed to work on user interface its getting slow and hangs sometimes,neutral,neutral,0.7048410773277283,0.1993994563817978,0.7048410773277283,0.09575947374105453
"it's an ok app, compared to whatsapp and line messenger",neutral,neutral,0.7043776512145996,0.011480416171252728,0.7043776512145996,0.2841418981552124
"won't open any .pdf files on my tmo vibrant (bionix <number> . <number> ), useless.",negative,negative,0.9696821570396423,0.9696821570396423,0.02233125828206539,0.007986613549292088
can you fix the quality of display picture,positive,neutral,0.7086681127548218,0.09238480031490326,0.7086681127548218,0.19894714653491974
can't move app to sd card,neutral,neutral,0.6197662949562073,0.3450676202774048,0.6197662949562073,0.03516607731580734
good app but more facilities we exprcted,neutral,neutral,0.519110918045044,0.016525749117136,0.519110918045044,0.46436330676078796
app works great. consider changing the red triangular notification to a solid red color in the notification bar in android. on my note <number> it appears as transparent in the notification bar at the top.,positive,positive,0.697629451751709,0.014426495879888535,0.2879440486431122,0.697629451751709
plz update it it stick in the loading screen forever,negative,negative,0.5920777320861816,0.5920777320861816,0.3483763635158539,0.05954590439796448
i like it but i wish there were more things and i wish we could customize shirts and stuff,positive,positive,0.8874422311782837,0.009787051938474178,0.10277069360017776,0.8874422311782837
my messages aren't going through to anyone. please fix immediately.,neutral,negative,0.5061022639274597,0.5061022639274597,0.4283526539802551,0.06554505974054337
"i love it, but i'll select one to use and then it will show the new one sent, but a short time later, it will show that i resent an old one, not the one i just selected.",neutral,positive,0.835006594657898,0.017398690804839134,0.14759473502635956,0.835006594657898
my radar has stopped working! i've never had a problem with it until today please fix!,negative,negative,0.9209738969802856,0.9209738969802856,0.06622478365898132,0.01280137151479721
working properly for awhile and crashes later on,neutral,neutral,0.49545973539352417,0.4463883340358734,0.49545973539352417,0.058151908218860626
"a well-crafted, simple app",positive,positive,0.920402467250824,0.010375913232564926,0.06922157853841782,0.920402467250824
it was okay at the start and got me focussed but my phone's screen timed out and locked and then my tree withered. please fix this,negative,neutral,0.7633009552955627,0.094307079911232,0.7633009552955627,0.14239202439785004
it's pretty useful!,positive,positive,0.7871790528297424,0.008098711259663105,0.20472221076488495,0.7871790528297424
why can my friends get the bitmojis with two people but i can't? frustrated.,neutral,neutral,0.6165014505386353,0.325577050447464,0.6165014505386353,0.057921506464481354
remove obscene quotes and gestures,negative,negative,0.5310651063919067,0.5310651063919067,0.37956807017326355,0.0893668606877327
pretty good. app wish it let you face scan yourself.,positive,positive,0.8114556670188904,0.010523948818445206,0.17802035808563232,0.8114556670188904
very good but crashes often,neutral,positive,0.5466225147247314,0.01571933925151825,0.4376581609249115,0.5466225147247314
"lacking lens correction and blur features, otherwise i'd love it. please consider adding these, otherwise i'll have to use photo mate r <number> , cause while it doesn't have blur feature's it has great lens correction features so i can get my chromatic aberration effect : <number>",positive,positive,0.5663922429084778,0.016294024884700775,0.41731369495391846,0.5663922429084778
the animation stopped working please fix!,negative,negative,0.9390584230422974,0.9390584230422974,0.050180405378341675,0.010761121287941933
goood one no one can see images unless u do hd,positive,negative,0.7609935998916626,0.7609935998916626,0.2089538872241974,0.030052563175559044
the app lags and consume lots of space.,negative,negative,0.5305070281028748,0.5305070281028748,0.4192652404308319,0.05022777244448662
"great app, using for an <url> but, could it be upgraded with the feature 'desktop mode' ?",positive,positive,0.8267853260040283,0.010436942800879478,0.16277775168418884,0.8267853260040283
it was good before,neutral,neutral,0.7187475562095642,0.09803743660449982,0.7187475562095642,0.18321502208709717
i like the old spark better it was more accurate cuz it told you exactly how many miles away the lightning was now you gotta zoom in on the map just to see in a round about ways of where the lightning <url>,neutral,positive,0.5631350874900818,0.019438909366726875,0.41742604970932007,0.5631350874900818
"i really like it, but for a while now it hasn't been making my tree die when i touch my phone. also, after completing a set amount of time there's another number underneath my tree. i can't figure out what this means.",positive,positive,0.5837933421134949,0.015900220721960068,0.40030643343925476,0.5837933421134949
annoying buttons below the chat text box.,neutral,neutral,0.7315917015075684,0.17782248556613922,0.7315917015075684,0.09058582037687302
i like this app for esuy to watch movie,positive,positive,0.8336876034736633,0.02528999373316765,0.14102239906787872,0.8336876034736633
"aaa please tell me why it doesnt show my cherry blossom <url> i just unlocked it with <number> coins, and i cant find it to grow it. arghh its frustrating.",neutral,negative,0.7144296765327454,0.7144296765327454,0.2556193172931671,0.029950961470603943
needs to save where you last left off thats all it needs <number> stars when it updates,neutral,neutral,0.5452725887298584,0.3559165894985199,0.5452725887298584,0.09881079196929932
the app draws the mobile addict in you and plays with his/her psyche.,positive,positive,0.77103191614151,0.05859293416142464,0.17037521302700043,0.77103191614151
it is helpful for fast downloading,positive,positive,0.8657329678535461,0.007405416574329138,0.12686164677143097,0.8657329678535461
hard to access emojis/sticker,positive,negative,0.7403548955917358,0.7403548955917358,0.24554744362831116,0.014097688719630241
why this app has become so big? earlier it used to be only <number> mbs now its <number> . please reduce the size. <signature>,neutral,neutral,0.6501984596252441,0.19085793197155,0.6501984596252441,0.15894365310668945
directions make no sense,negative,negative,0.5900347828865051,0.5900347828865051,0.3499329388141632,0.060032233595848083
great app for photography but,neutral,positive,0.7703632116317749,0.011370118707418442,0.21826669573783875,0.7703632116317749
why can't they fix these issues,neutral,neutral,0.6283332705497742,0.18041162192821503,0.6283332705497742,0.1912550926208496
not working with whats app,negative,negative,0.9471268653869629,0.9471268653869629,0.0444723479449749,0.00840084720402956
you have to put the search option in the app,positive,neutral,0.6298440098762512,0.21186624467372894,0.6298440098762512,0.15828970074653625
"its very usefull, also good <url> !!!",positive,positive,0.8663924336433411,0.008629849180579185,0.1249777153134346,0.8663924336433411
"its good. but the problem is whenever i charge my phone, and the forest app has been running, the moment the charging the moment the tree died. and i do not get a single coin. lol is not my fault that the tree died, but what i got-o coins and a dead tree.",neutral,neutral,0.8393039703369141,0.0419643335044384,0.8393039703369141,0.11873173713684082
tel me what to do,positive,neutral,0.6295156478881836,0.2249421626329422,0.6295156478881836,0.14554212987422943
some websites say i don't have adobe even though i have this loaded.,neutral,neutral,0.49460846185684204,0.42135488986968994,0.49460846185684204,0.0840366780757904
it is easy to find your distination but there is always a less price,neutral,neutral,0.5676449537277222,0.021793005988001823,0.5676449537277222,0.41056203842163086
i havent many friends here,positive,negative,0.5218883752822876,0.5218883752822876,0.43228864669799805,0.045823000371456146
"would like updates on the sun over a <number> hour loop, as well as wind maps, water temps. but one of the <signature>",positive,positive,0.7621408700942993,0.00856859888881445,0.22929050028324127,0.7621408700942993
where are the local adjustments?,positive,neutral,0.6964479088783264,0.09284602850675583,0.6964479088783264,0.21070609986782074
very easy to <url>,neutral,positive,0.8811158537864685,0.009595113806426525,0.10928906500339508,0.8811158537864685
easy to use very good deal.,positive,positive,0.9260539412498474,0.00846004020422697,0.06548594683408737,0.9260539412498474
this app doesnt want to sign me up,neutral,negative,0.968781590461731,0.968781590461731,0.0236965361982584,0.0075217802077531815
always showing install even it has already installed,positive,positive,0.46646225452423096,0.12398222088813782,0.4095555543899536,0.46646225452423096
the zooming feature is slow and consequently difficult to use.,neutral,neutral,0.692123293876648,0.2662826478481293,0.692123293876648,0.0415940135717392
great tool for on the go!,positive,positive,0.9284991025924683,0.0089711369946599,0.0625297799706459,0.9284991025924683
raw format not supported,neutral,neutral,0.6892274022102356,0.23004361987113953,0.6892274022102356,0.08072894811630249
"it's a cool thing to have, but it won't sync up with the mozilla addon",positive,neutral,0.8696402311325073,0.027874723076820374,0.8696402311325073,0.10248507559299469
great app but keeps crashing,neutral,neutral,0.6278748512268066,0.06029052659869194,0.6278748512268066,0.31183454394340515
"bbm is good ,hate the adverts",positive,neutral,0.6610270142555237,0.22154316306114197,0.6610270142555237,0.11742980033159256
how about a tablet ui?,neutral,neutral,0.6482720375061035,0.09900617599487305,0.6482720375061035,0.2527218163013458
prefer the website more,neutral,neutral,0.6854053735733032,0.1468241959810257,0.6854053735733032,0.16777043044567108
"good design. hope the plant real trees is a true story! also, why the highest ranking people are mostly asian? should expand your customers",positive,positive,0.8489567637443542,0.009074985980987549,0.14196820557117462,0.8489567637443542
"i am not disappointed, but pixlr is still a way better software.",neutral,neutral,0.7559720277786255,0.04205141216516495,0.7559720277786255,0.20197652280330658
"i love playing with bitmojis. the clothes in the personalization could use some updating, though. very little are things i'd ever actually wear. it would also be nice to add friends directly on the app to interact with their own bitmojis outside of snapchat.",positive,positive,0.910405158996582,0.008530788123607635,0.08106398582458496,0.910405158996582
i love it. i just wish i could delete images that i find offensive and would never use.,positive,positive,0.8805014491081238,0.03080480918288231,0.08869370818138123,0.8805014491081238
i think in the new update they let you color customize any hair style and let you put cuts in your eyebrows.,positive,positive,0.8226131796836853,0.017314676195383072,0.16007216274738312,0.8226131796836853
automatically resizes with no way to change!!,negative,negative,0.9473029375076294,0.9473029375076294,0.04146317392587662,0.011233862489461899
don't like the new update,positive,negative,0.6480037569999695,0.6480037569999695,0.330680787563324,0.02131555788218975
i like my bbm now . <signature>,positive,positive,0.8173243999481201,0.024372469633817673,0.1583031713962555,0.8173243999481201
no more trees since update. just shrubs :'(,positive,neutral,0.7084715962409973,0.12050360441207886,0.7084715962409973,0.1710248440504074
would not updated on my phone and i tried like <number> times,negative,neutral,0.7193984985351562,0.20329248905181885,0.7193984985351562,0.07730896025896072
"needs more body shapes and sizes, as well as face lines around nose/cheeks",positive,neutral,0.730941891670227,0.028264619410037994,0.730941891670227,0.24079343676567078
took away floating head in txt,negative,negative,0.8091816902160645,0.8091816902160645,0.16395658254623413,0.02686164714396
stopped working on my phone since the last update. will bring rating up when the problem is fixed.,negative,negative,0.7859159708023071,0.7859159708023071,0.1963127702474594,0.017771214246749878
works well. most of my pdf files require me to enter a username and password. this app will not allow me to. any chance of adding that?,neutral,neutral,0.6608240604400635,0.015428038313984871,0.6608240604400635,0.3237479031085968
"it's <url> ,add select area <url> mean make selection by <url>",neutral,positive,0.5120910406112671,0.03542819991707802,0.4524807929992676,0.5120910406112671
app doesn't always work. temp won't show in n status bar. doesn't keep track of moving locations,neutral,negative,0.6025704741477966,0.6025704741477966,0.3808741569519043,0.016555367037653923
i hate this update,negative,negative,0.9575427770614624,0.9575427770614624,0.033267296850681305,0.009189889766275883
new updates are beyond worse,negative,neutral,0.5445794463157654,0.2501588463783264,0.5445794463157654,0.205261692404747
where is wbug elite i paid for???,negative,negative,0.9578470587730408,0.9578470587730408,0.03415638580918312,0.007996557280421257
make the time lapse between editing each feature shorter,positive,neutral,0.7181233167648315,0.04891166836023331,0.7181233167648315,0.23296497762203217
add one more feature,positive,positive,0.7253267168998718,0.01885395124554634,0.25581932067871094,0.7253267168998718
the app was useful but avg virus scanner said it contains malware so i'm uninstalling to be safe,negative,neutral,0.6987268328666687,0.2152261584997177,0.6987268328666687,0.08604706823825836
i couldn't open it.,negative,negative,0.9616340398788452,0.9616340398788452,0.03085867315530777,0.007507279049605131
i think that uc is very nice,neutral,positive,0.7698312401771545,0.011691611260175705,0.21847712993621826,0.7698312401771545
mis the original bbm,negative,negative,0.651317298412323,0.651317298412323,0.28399306535720825,0.06468968093395233
new ui tanks usability,negative,neutral,0.48497864603996277,0.06200389936566353,0.48497864603996277,0.45301735401153564
this app is so good,positive,positive,0.5890485048294067,0.016719432547688484,0.3942320644855499,0.5890485048294067
doesn't work on my htc droid eris!! can't open pdf attached emails. uninstalling!!,negative,negative,0.969438910484314,0.969438910484314,0.024721059948205948,0.0058400691486895084
it's very good app for android mobile s,positive,positive,0.871023952960968,0.00961513165384531,0.11936089396476746,0.871023952960968
temp is all wrong,neutral,negative,0.8059670925140381,0.8059670925140381,0.16706734895706177,0.026965567842125893
id's easy to use and very helpful,positive,positive,0.9135849475860596,0.007441292051225901,0.07897373288869858,0.9135849475860596
"it seems everytime we're about to get severe weather, the app stops working. radar doesn't work, storm tracking doesn't <url> most critical time for something to work is during or before a storm, such as we're supposed to get today. this app works great on bright, sunny <url> 't depend on it if a storm is brewing though. it will quit working on you.",neutral,neutral,0.6334909200668335,0.29941609501838684,0.6334909200668335,0.06709302216768265
i guess its just the world i live in???,negative,neutral,0.7013642191886902,0.051889900118112564,0.7013642191886902,0.24674585461616516
just an idea. when editing/creating my bitmoji i think it'd be neat to have the option to mix and match parts of different outfits together or even change colours of parts.,positive,positive,0.7056530714035034,0.016273150220513344,0.278073787689209,0.7056530714035034
app is good. no weather forecast is <url> very vague predictions.,positive,neutral,0.7662099003791809,0.05798099935054779,0.7662099003791809,0.17580905556678772
cannot attach pictures to reviews,neutral,neutral,0.7051592469215393,0.25360003113746643,0.7051592469215393,0.04124078154563904
great weather app! easy to use and quick to load. only wish it was easy to find a forecast video on it.,positive,positive,0.9101616740226746,0.0075200446881353855,0.08231830596923828,0.9101616740226746
issue on local wifi,neutral,neutral,0.6320223808288574,0.2583753764629364,0.6320223808288574,0.10960228741168976
i dont like this app,negative,negative,0.8960589170455933,0.8960589170455933,0.091099314391613,0.012841707095503807
on the right track,positive,positive,0.5489464998245239,0.052004728466272354,0.399048775434494,0.5489464998245239
best app for browsing,positive,positive,0.860409140586853,0.009192846715450287,0.13039803504943848,0.860409140586853
needs a dark mode for the notification bar. hate the bright white glaring at me.,positive,neutral,0.781337559223175,0.05821622163057327,0.781337559223175,0.16044624149799347
"good app, but it doesn't support gif in android",positive,neutral,0.8616868257522583,0.05415353551506996,0.8616868257522583,0.08415965735912323
<salutation> i tried to sign in and i gave my email and password and from u a email also came but what next to <url> tried to click check again and continue but nothing happened,positive,neutral,0.46323704719543457,0.3809010684490204,0.46323704719543457,0.155861958861351
been using for several months now as a communication tool for various members of a nonprofit organization. it's only downfall that i can see are the occasional missed update alert and that there is no notification badge on the icon.,positive,positive,0.6151002645492554,0.030779821798205376,0.3541199564933777,0.6151002645492554
works for what i need,positive,positive,0.8701398968696594,0.029555480927228928,0.10030465573072433,0.8701398968696594
it's saying it's not up to date so i can't view my file. -htc evo,neutral,neutral,0.7261742949485779,0.16551990807056427,0.7261742949485779,0.10830578207969666
when you know how to use it it's pretty fun and useful same with adobe photoshop touch i have a ton of fun with that but you just have to know how to use it or it will not be fun that's why people are reading it for star i read it <number> stars i love it but only because i know how to use it,positive,positive,0.7236053347587585,0.018427550792694092,0.25796714425086975,0.7236053347587585
best app ever ( my opinion),negative,positive,0.8527355790138245,0.017600489780306816,0.12966395914554596,0.8527355790138245
doesn't tie your account to gmail - so every new phone (or reflash) you have to retype <url>,negative,negative,0.8713783621788025,0.8713783621788025,0.1183454841375351,0.010276132263243198
great application for team collaboration,positive,positive,0.9326138496398926,0.012554118409752846,0.05483202636241913,0.9326138496398926
"crash easily,make my phone <url> its a great <url> u!",positive,positive,0.6360366940498352,0.029957309365272522,0.33400604128837585,0.6360366940498352
the menu bar above keyboard is annoying,positive,neutral,0.6591825485229492,0.23625938594341278,0.6591825485229492,0.1045580804347992
it's an essential tool.,positive,positive,0.8980606198310852,0.009891742840409279,0.09204769134521484,0.8980606198310852
this bbm doesnt work properly with the samsung notebook <number> . it is always showing limited bbm access. pls fix this,neutral,negative,0.8212636709213257,0.8212636709213257,0.16568335890769958,0.013052988797426224
"unless i open the app, i get no notifications even when my name is mentioned",negative,neutral,0.5332167744636536,0.39381036162376404,0.5332167744636536,0.07297287881374359
it's good app but need more apps related chat process,positive,positive,0.5025688409805298,0.01116916723549366,0.4862620234489441,0.5025688409805298
"doesn't open all pdfs. i do a lot of work dealing with architectural plans. this does not render all of the pdfs (some open fine, others open blank).",negative,negative,0.6297575831413269,0.6297575831413269,0.3514549136161804,0.018787464126944542
quick way to book a motel when you need too,neutral,positive,0.8140512704849243,0.010333340615034103,0.1756153553724289,0.8140512704849243
can get out of the app by home button and use your <url> timer runs in the <url>,neutral,negative,0.639648973941803,0.639648973941803,0.32563909888267517,0.03471194952726364
"honestly a joke compared to the desktop version of lightroom. i have one of the most powerful phones in existence and this app can't even scroll without lagging. i reinstalled today, <number> months later to find not only has nothing changed but my trial has expired and i now need to pay to use a laggy gimped version of software i already own.",negative,neutral,0.5711130499839783,0.31418028473854065,0.5711130499839783,0.11470673978328705
better for <url> !!!! you will try <url> !!!!,neutral,negative,0.7428832650184631,0.7428832650184631,0.20162667334079742,0.05549008026719093
backup feature was awesome,positive,neutral,0.5530990958213806,0.10625987499952316,0.5530990958213806,0.3406410813331604
amazing to use this one like superb,positive,positive,0.9225447177886963,0.014037517830729485,0.06341775506734848,0.9225447177886963
i can't post on any website.,neutral,negative,0.8869637846946716,0.8869637846946716,0.09971827268600464,0.013317964039742947
want some other features,neutral,neutral,0.7218599915504456,0.023782791569828987,0.7218599915504456,0.2543571889400482
this app is not user friendly,neutral,negative,0.9339410662651062,0.9339410662651062,0.058751292526721954,0.007307698950171471
force closes <number> / <number> !,negative,negative,0.7602715492248535,0.7602715492248535,0.18409818410873413,0.055630262941122055
what a waste of this apps effort the image meta data are always show false info when export image to gallery,negative,negative,0.9658966660499573,0.9658966660499573,0.02713899314403534,0.006964401807636023
it's a nic app n helpful <url>,positive,positive,0.7041805982589722,0.01349613070487976,0.2823232114315033,0.7041805982589722
how to change time ??,neutral,neutral,0.5957021713256836,0.11152631044387817,0.5957021713256836,0.29277151823043823
it's ok but this new version is not so impressive,neutral,neutral,0.8534097075462341,0.023733625188469887,0.8534097075462341,0.12285666167736053
this is a good movie downloader,positive,positive,0.8091685175895691,0.010514010675251484,0.18031743168830872,0.8091685175895691
want my old avatar can't find it,negative,negative,0.7550543546676636,0.7550543546676636,0.22141426801681519,0.02353133074939251
best of pdf file app,positive,positive,0.8679252862930298,0.020885387435555458,0.11118932068347931,0.8679252862930298
i would have gave <number> stars if y'all had more cute outfits for the girls to wear that is seasonal appropriate,positive,positive,0.8296500444412231,0.014415065757930279,0.1559348851442337,0.8296500444412231
was ok but i can easily use other apps when i press home,negative,neutral,0.6937832236289978,0.023050842806696892,0.6937832236289978,0.28316593170166016
"useless. can't log in using the app at all. deleted and reinstalled several times, still no luck.",negative,negative,0.9695219397544861,0.9695219397544861,0.02227221243083477,0.008205930702388287
"easy to use, but if i plant a tree to grow and then leave the app it doesn't die. don't know if that's a bug in the app, but knowibg it won't die once i exit the app gives me no reason to stay focused",positive,neutral,0.7101808786392212,0.2231406271457672,0.7101808786392212,0.06667851656675339
cuts down on paper usage.,positive,negative,0.8950737714767456,0.8950737714767456,0.0924859568476677,0.0124402716755867
<salutation> then dropped it. and now the radar animation doesn't work.,negative,negative,0.9453611969947815,0.9453611969947815,0.04242406412959099,0.01221474539488554
"good idea, but too slow on android. much better on desktop.",negative,neutral,0.807610809803009,0.04868221655488014,0.807610809803009,0.14370699226856232
"like everything about it, except that the radar animation is a little clunky.",positive,neutral,0.6596654653549194,0.01864180527627468,0.6596654653549194,0.3216927647590637
it's the king when it comes on downloading from internet i really appreciate it,positive,positive,0.8748595118522644,0.018927276134490967,0.10621324181556702,0.8748595118522644
"i'm using uc browser from many years and its was amazing but from the last update i got, it get <url> everytime i open new site, it shows an error everytime. please fix this.",neutral,neutral,0.5769075155258179,0.32400819659233093,0.5769075155258179,0.09908433258533478
cant install this app on my s <number> . error cant install in default location,negative,negative,0.9566876888275146,0.9566876888275146,0.037512730807065964,0.005799621809273958
needs to include precipitation estimates,neutral,neutral,0.7750260829925537,0.03937777504324913,0.7750260829925537,0.18559616804122925
new version is a step back,negative,neutral,0.515973687171936,0.18556080758571625,0.515973687171936,0.2984655499458313
great but watch little bug,neutral,positive,0.8762561678886414,0.011154777370393276,0.1125890240073204,0.8762561678886414
i love this app.,positive,positive,0.40870821475982666,0.29017549753189087,0.30111628770828247,0.40870821475982666
"love the idea, and as long as i didn't touch my phone notifications and such didn't ruin my progress. however if i try to exit out of the app (to use whitelisted apps like my calculator) then it 'killed' my trees.",neutral,positive,0.6037566661834717,0.027690311893820763,0.3685530722141266,0.6037566661834717
"my mom found this before i did! i'm <number> and even i like it. lol great for all ages. you can make it look just like you to every detail, many clothes and accessory choices, and when you want to send a text to somebody they basically have everything you might want to say to somebody in a text or to reply back to somebody in a text message. plus cute little emojis of yourself doing things.",positive,positive,0.9339241981506348,0.009196220897138119,0.056879546493291855,0.9339241981506348
ads ads ads everywhere,neutral,negative,0.9264336824417114,0.9264336824417114,0.062170352786779404,0.011395871639251709
has gotten a bit better since last review. i really like the lightning strike display. helps me with my lightning photos,neutral,positive,0.9252263307571411,0.009872138500213623,0.06490157544612885,0.9252263307571411
i really enjoy it,positive,positive,0.8305951356887817,0.02532927319407463,0.14407563209533691,0.8305951356887817
i rely on accurate radar as i work outside everyday on a golf course. the daily and the hourly forecast constantly contradict each other though now and it's hard to figure out what the actual weather will be so i can only really rely on radar.,positive,neutral,0.6063563823699951,0.08527056872844696,0.6063563823699951,0.3083730638027191
"i enjoyed it, but the app deleted all of my purchases, such as trees and sounds",neutral,positive,0.4889376759529114,0.03162143751978874,0.4794408679008484,0.4889376759529114
so far it's good,positive,positive,0.591404139995575,0.00945440586656332,0.39914146065711975,0.591404139995575
would like some custom messages when trees are planted,positive,positive,0.5846229791641235,0.012231382541358471,0.4031456708908081,0.5846229791641235
used to be good,negative,negative,0.7784643173217773,0.7784643173217773,0.1935425102710724,0.027993209660053253
make category select bradcast message!,neutral,neutral,0.5636018514633179,0.10592569410800934,0.5636018514633179,0.3304724395275116
causes allot of problems will change dates etc when making a booking. prob better off staying with web page.,negative,neutral,0.6730464696884155,0.26463645696640015,0.6730464696884155,0.06231709197163582
reflow feature quirky. can't somehow help feeling suspicious it is bugridden inside.,negative,neutral,0.75682532787323,0.04316089674830437,0.75682532787323,0.20001374185085297
i don't <url> i can't understand this appp,neutral,negative,0.8142216205596924,0.8142216205596924,0.16075190901756287,0.02502652257680893
crashes on galaxy s,negative,negative,0.8111032843589783,0.8111032843589783,0.15959836542606354,0.02929834835231304
force closes all the time. from a company with a good to great rep. i had expected better,negative,neutral,0.48324230313301086,0.12388478964567184,0.48324230313301086,0.3928729295730591
great <url> ruined with ads,neutral,negative,0.8871009945869446,0.8871009945869446,0.0810721293091774,0.03182683885097504
worst experience at hotel,negative,negative,0.969761848449707,0.969761848449707,0.022694123908877373,0.007544018793851137
heating and battery problem,neutral,negative,0.5775776505470276,0.5775776505470276,0.38938817381858826,0.03303426876664162
fed up with advertisements. oh my gosh. cannot tolerate this application anymore,negative,negative,0.9540023803710938,0.9540023803710938,0.03927205130457878,0.00672551803290844
this is the fastest app searching mode,positive,positive,0.7820371389389038,0.017623132094740868,0.20033976435661316,0.7820371389389038
"nice app for managing ongoing projects, teams, groups.",positive,positive,0.9418794512748718,0.00857563130557537,0.04954497888684273,0.9418794512748718
is not allways up to date with current weather.,positive,neutral,0.7821720838546753,0.042548105120658875,0.7821720838546753,0.17527978122234344
realy superrrr <url> saver app,positive,neutral,0.6190682649612427,0.11853089928627014,0.6190682649612427,0.26240086555480957
<number> day trial? and then creative cloud?,negative,negative,0.9095037579536438,0.9095037579536438,0.0717955082654953,0.018700769171118736
the print button keeps shutting itself down,positive,negative,0.6264823079109192,0.6264823079109192,0.3269810974597931,0.0465366467833519
average performance in download,neutral,neutral,0.7023963332176208,0.045773304998874664,0.7023963332176208,0.2518303394317627
animation on radar stopped,negative,negative,0.9523913860321045,0.9523913860321045,0.03874751925468445,0.008861123584210873
"so far so good. surfing is made enjoyably interesting, thumb ups.",positive,positive,0.8772744536399841,0.008198695257306099,0.11452680826187134,0.8772744536399841
bbm sucks on my galaxy s <number> mini .,negative,negative,0.9444593787193298,0.9444593787193298,0.045234568417072296,0.01030595414340496
what did i download?,negative,negative,0.8626285195350647,0.8626285195350647,0.1169322207570076,0.020439231768250465
my favourite editing apl,positive,positive,0.8990708589553833,0.017292283475399017,0.08363684266805649,0.8990708589553833
so easy to use and appropriate advice,positive,positive,0.9321233034133911,0.008607730269432068,0.05926894024014473,0.9321233034133911
doesn't work properly.,negative,negative,0.9649760127067566,0.9649760127067566,0.02773922309279442,0.007284770719707012
"generally good, sometimes price filter doesn't work well.",positive,positive,0.5922625660896301,0.009789640083909035,0.3979478180408478,0.5922625660896301
love this app pretty accurate,positive,positive,0.7589665055274963,0.08907479047775269,0.1519586741924286,0.7589665055274963
as much as <number> degrees off!,negative,neutral,0.5039675235748291,0.18987618386745453,0.5039675235748291,0.30615630745887756
used to be good,negative,negative,0.7784642577171326,0.7784642577171326,0.19354256987571716,0.027993218973279
"this app helps me be productive, but since the update, i can't plant the trees i had previously bought.",positive,neutral,0.6230528354644775,0.02090219222009182,0.6230528354644775,0.3560449779033661
dell streak:force close sometimes. blank pages sometimes. need bookmark feature and ability to continue from last read page.,neutral,neutral,0.7159363031387329,0.22051064670085907,0.7159363031387329,0.06355303525924683
"if your in a hurry, i'd recomed calling, it takes a wile to fill out the information.",neutral,neutral,0.6981034874916077,0.04480099305510521,0.6981034874916077,0.25709548592567444
good but not good as web version,positive,neutral,0.8060362339019775,0.030023572966456413,0.8060362339019775,0.1639402210712433
problems working over wi-fi,negative,neutral,0.5751432180404663,0.38778582215309143,0.5751432180404663,0.03707093745470047
it's ads all the way,negative,negative,0.598573625087738,0.598573625087738,0.3590642511844635,0.04236216098070145
no password support <url>,negative,negative,0.7703633904457092,0.7703633904457092,0.20943158864974976,0.02020493522286415
"good, but not perfect",neutral,neutral,0.7574820518493652,0.019563890993595123,0.7574820518493652,0.22295406460762024
i wish it would work offline,positive,neutral,0.6022783517837524,0.022781385108828545,0.6022783517837524,0.37494027614593506
cloud based apps do not work for me. with pathetic network services in our region it becomes frustrating to use. pity. will have to uninstall,negative,negative,0.9599040150642395,0.9599040150642395,0.033559732139110565,0.006536257453262806
"so disappointed with this app! why would you delete an entire account without any warnings? see i'm not mad that you deleted my account because i had iran's ip address, i'm mad because you didn't even bothered to give me a chance to take back up of my files! do you understand how unprofessional this is? so disappointed!",negative,negative,0.948296070098877,0.948296070098877,0.0429665632545948,0.00873742438852787
this app is good,positive,positive,0.6879516839981079,0.01833566278219223,0.29371270537376404,0.6879516839981079
"slow, laggy performance. thinkfree office opens my pdfs and allows smooth transitions and zooming.",negative,neutral,0.8544827699661255,0.10386281460523605,0.8544827699661255,0.04165437072515488
since the update the radar doesn't work <url>,negative,negative,0.9249526262283325,0.9249526262283325,0.06353320926427841,0.011514251120388508
"like the app, but could you please remove the external storage permission when i want to take a picture? i don't like granting apps dangerous permissions and i know you don't need it if you use the file provider api. <signature>",negative,positive,0.49190905690193176,0.01879514381289482,0.48929572105407715,0.49190905690193176
there is no print option i can find.,neutral,neutral,0.6482553482055664,0.265007346868515,0.6482553482055664,0.08673737198114395
<url> the picture size on bbm group is too small sometime not clear. also incoming bbm call is not detected or not showed in galaxy gear s <number>,positive,neutral,0.6368924975395203,0.19611285626888275,0.6368924975395203,0.16699466109275818
got stuck on trying to confirm my booking and i lost the accommodation. after that force crash. uninstall. htc desire,negative,negative,0.9629133939743042,0.9629133939743042,0.030908210203051567,0.006178315728902817
please fix the radar,negative,negative,0.8569234013557434,0.8569234013557434,0.11461775749921799,0.02845889888703823
"good adjustment, bad storage",neutral,neutral,0.8138046264648438,0.03646986186504364,0.8138046264648438,0.1497255116701126
coming from adobe this is absolute garbage. fails to open pdf files. it was only <number> kb. garbage.,negative,negative,0.9725154638290405,0.9725154638290405,0.020774416625499725,0.006710221990942955
after i updated the new bbm version always getting <url> sometime the messages pending without ceklis my friend send in the morning but the messages coming after <number> or <number> hour <url> i saw on the messages the time when he send me a messages and this made my planning <url> should i didn't upgraded <url>,negative,neutral,0.6570500135421753,0.21729856729507446,0.6570500135421753,0.12565138936042786
new update ruined the app,negative,negative,0.9656898975372314,0.9656898975372314,0.026496944949030876,0.00781310349702835
a widget would be nice,positive,neutral,0.5881293416023254,0.016226207837462425,0.5881293416023254,0.3956443667411804
there are ads now?,neutral,neutral,0.5193417072296143,0.3894498944282532,0.5193417072296143,0.09120835363864899
difficult when on vacation,positive,neutral,0.7755017876625061,0.0950440987944603,0.7755017876625061,0.12945415079593658
notifications are bonkers. (will give <number> once fixed),negative,neutral,0.7077098488807678,0.16578038036823273,0.7077098488807678,0.12650969624519348
can't add new locations,neutral,neutral,0.810019314289093,0.07213739305734634,0.810019314289093,0.11784332245588303
nice tool for inter-team communication,positive,positive,0.9304847717285156,0.008697787299752235,0.060817454010248184,0.9304847717285156
it's download video very fast and all other thing,positive,positive,0.9010704159736633,0.010921538807451725,0.08800800144672394,0.9010704159736633
"veru useful app only when used with its <number> rd-party integrations, yet flock is much better alternative for having more free features.",positive,neutral,0.6150827407836914,0.031116031110286713,0.6150827407836914,0.35380125045776367
doesn't <url> i'll go on other apps and the tree still <url> little i inventive to actually stay off the phone,negative,negative,0.8297510743141174,0.8297510743141174,0.15914127230644226,0.011107610538601875
"when ever i update app,it won't work and i lost my all data many times",negative,negative,0.9569997191429138,0.9569997191429138,0.036329951137304306,0.006670359987765551
doesn't work much! where's the <number> version???,negative,negative,0.9015081524848938,0.9015081524848938,0.09056173264980316,0.007930207997560501
nice app fast downloading,positive,positive,0.9030454754829407,0.007571313064545393,0.08938319981098175,0.9030454754829407
"the app is great, it's fun and helpful, tho when you click the home button, it doesn't die. you could fix that",positive,positive,0.8118965029716492,0.009985196404159069,0.1781182587146759,0.8118965029716492
"easy to use, always <url> when you book thrue them, they will charge you too much.",neutral,positive,0.8835815787315369,0.011225590482354164,0.10519284009933472,0.8835815787315369
there is no jump to page option so you have to flip through every single page! its a big waste of time.,negative,negative,0.9645956754684448,0.9645956754684448,0.029350606724619865,0.006053711753338575
great and easy to use,positive,positive,0.9301114082336426,0.012595572508871555,0.057292960584163666,0.9301114082336426
"cloud subscription, no <signature>",negative,negative,0.9407006502151489,0.9407006502151489,0.04998866468667984,0.009310703724622726
great app to focus!,positive,positive,0.9195240139961243,0.011688891798257828,0.0687871053814888,0.9195240139961243
pay when you arrive. err no,neutral,negative,0.6927683353424072,0.6927683353424072,0.2737750709056854,0.03345651552081108
great apps for great team,positive,positive,0.9178929328918457,0.015570323914289474,0.06653672456741333,0.9178929328918457
i like the appl because it connect me to a lot of people in my office,positive,positive,0.900524377822876,0.009250818751752377,0.09022483974695206,0.900524377822876
can't open my bbm after updated,negative,negative,0.9369654655456543,0.9369654655456543,0.056094035506248474,0.006940547842532396
cannot use for flash <url>,neutral,neutral,0.5025357604026794,0.4620281457901001,0.5025357604026794,0.03543610870838165
won't work with my text messages and have to start a new conversation to use it in messenger,neutral,negative,0.9056258201599121,0.9056258201599121,0.08630208671092987,0.00807211920619011
it crashes every time,positive,negative,0.7645056247711182,0.7645056247711182,0.20022566616535187,0.035268787294626236
great app for group family communication across multiple types of devices and countries,positive,positive,0.9416422843933105,0.011003579944372177,0.04735415056347847,0.9416422843933105
it was great radar sucks now,negative,negative,0.9478977918624878,0.9478977918624878,0.041408736258745193,0.010693510994315147
missing a tablet version,neutral,neutral,0.7091301083564758,0.1197156310081482,0.7091301083564758,0.1711542308330536
the browser is used very fast connecting browser,positive,positive,0.5455864071846008,0.04847719892859459,0.40593641996383667,0.5455864071846008
i want a etc wallet that's all i want to invest <url>,negative,negative,0.6865307092666626,0.6865307092666626,0.24340835213661194,0.07006089389324188
not so much but good,positive,neutral,0.7855499982833862,0.0214372668415308,0.7855499982833862,0.19301274418830872
well the app is kinda <url>,positive,neutral,0.6894834041595459,0.05450383573770523,0.6894834041595459,0.2560127079486847
the program is very slow and can be unresponsive. there is no bookmake setting. pages take a very long time to load even when zooming in and out.,negative,neutral,0.6091403961181641,0.3599083423614502,0.6091403961181641,0.030951283872127533
totally invasive and inappropriate for development. it kept people talking for every detail for hours. kill innovation and efficiency. cannot replace skype so another chat cheater. a waist of time in communication. one good point if you can make your competitors to use it. they will collapse.,negative,negative,0.9518353939056396,0.9518353939056396,0.03827386349439621,0.009890765883028507
i love it. but i think it would be better to add angle correction as well is needed sometimes and i don't like having to use other apps to do this.,neutral,positive,0.882922351360321,0.013184203766286373,0.1038934737443924,0.882922351360321
the emoticon not <url> :'(,neutral,neutral,0.6397403478622437,0.22039666771888733,0.6397403478622437,0.1398629993200302
good app. had full version but they took it away. would like it back. radar not working. layers are not working. must be a weather bug.,neutral,neutral,0.5681889653205872,0.3779982626438141,0.5681889653205872,0.05381273478269577
can't import my booking? what's the point of getting this app? anyone?,negative,negative,0.9330395460128784,0.9330395460128784,0.05923324078321457,0.007727206218987703
"the app sometimes gets stuck on a certain temperature and you have to actually click on the app to get the correct temperature to pop up, but at least with this app i can actually get the <number> -day and hourly forecast pages to load which is something i can't get with accuweather. so i guess what i'm saying is it's probably the <signature>",positive,neutral,0.5254164338111877,0.02045479044318199,0.5254164338111877,0.45412877202033997
"great, but occasionally crashes",positive,positive,0.7576434016227722,0.014041545800864697,0.22831499576568604,0.7576434016227722
"crap, takes ages to loads and lags on all docs, standard pdf viewer much better",negative,negative,0.94133460521698,0.94133460521698,0.050641197711229324,0.008024272508919239
it stops working frequently,neutral,neutral,0.4819081127643585,0.454437792301178,0.4819081127643585,0.06365417689085007
like it more than most weather apps i've tried. would recommend!,positive,positive,0.904939591884613,0.007498857099562883,0.08756161481142044,0.904939591884613
stupid trees. too much green. too cute. memory hog. deleted it.,negative,negative,0.9680353403091431,0.9680353403091431,0.02513737604022026,0.006827387027442455
plz add readout loud feature in application,positive,positive,0.5248339772224426,0.03758774697780609,0.43757832050323486,0.5248339772224426
"give error, stuck onopening",negative,negative,0.8460239768028259,0.8460239768028259,0.13560554385185242,0.018370458856225014
the radar map only shows past not current,neutral,negative,0.5370780825614929,0.5370780825614929,0.40148675441741943,0.06143514811992645
"the worst, the most bugged app that i've ever seen in my life! always crashing for no reason!",negative,negative,0.9683390855789185,0.9683390855789185,0.022830182686448097,0.008830754086375237
this does not work with my phone i exited the app for ages and my tree still grew.,negative,negative,0.959473729133606,0.959473729133606,0.03331587091088295,0.007210358511656523
the application is too slow. sometimes it just wont select the options.,neutral,neutral,0.8382066488265991,0.04069431498646736,0.8382066488265991,0.12109899520874023
useless doesn't open email attachments on lg optimus,negative,negative,0.9660187363624573,0.9660187363624573,0.026556288823485374,0.007424904964864254
its a very good app,positive,positive,0.8033100962638855,0.00959387794137001,0.1870960146188736,0.8033100962638855
good up to date service,neutral,positive,0.6694386601448059,0.011956623755395412,0.3186047375202179,0.6694386601448059
luv it but u should allow us <number> make more than one character then i'll give u <number>  's,neutral,neutral,0.6818495988845825,0.0245919581502676,0.6818495988845825,0.2935584485530853
"app does what it has to do, but would it be possible to implement a harder way to cancel the growth of your tree? now it takes about <number> seconds. you could make another cancel button which you have to press for <number> minute without releasing it to unlock your phone. gives you time to think if you really need to unlock it. <signature>",neutral,neutral,0.592822790145874,0.023941561579704285,0.592822790145874,0.3832356333732605
need full raw hdr for lg v <number> !!!,neutral,neutral,0.7125486135482788,0.08962971717119217,0.7125486135482788,0.19782167673110962
it wont even let me log in!!!,negative,negative,0.971671462059021,0.971671462059021,0.021207191050052643,0.007121340837329626
wouldn't search any locations.,negative,negative,0.9443539381027222,0.9443539381027222,0.04925515875220299,0.006390917580574751
new version is not intuitive.,negative,neutral,0.5335402488708496,0.3966311514377594,0.5335402488708496,0.0698285773396492
image previews don't work,positive,negative,0.7874923348426819,0.7874923348426819,0.19261875748634338,0.019888825714588165
"its great, just too many ads",positive,positive,0.6281453967094421,0.017728056758642197,0.35412654280662537,0.6281453967094421
radar has stopped working,negative,negative,0.9507251977920532,0.9507251977920532,0.039375029504299164,0.009899761527776718
has been treating me well for years,positive,positive,0.7861040234565735,0.02668990194797516,0.18720604479312897,0.7861040234565735
animated radar not working,negative,negative,0.9449000358581543,0.9449000358581543,0.04575337469577789,0.009346631355583668
problems with internet connection s <number> edge,neutral,neutral,0.579182505607605,0.3411281704902649,0.579182505607605,0.07968933880329132
"another login and account needed, mediocre editing",negative,negative,0.6249660849571228,0.6249660849571228,0.34335029125213623,0.03168361261487007
i need a tab for news language i don't want it to be default for the place i live in my native language may be different. please look into it,positive,neutral,0.6349818706512451,0.04459837079048157,0.6349818706512451,0.3204197883605957
"idea is nice, <url>",neutral,neutral,0.6777275204658508,0.05835471302270889,0.6777275204658508,0.2639177441596985
useless and hang in itself,negative,negative,0.9659547805786133,0.9659547805786133,0.024564769119024277,0.009480513632297516
lagging on nvidia shield tablet,neutral,neutral,0.6412097811698914,0.3000142574310303,0.6412097811698914,0.058775894343853
less taps &gt; more taps is not always true! this update clutters up the mobile app and looks horrible! bring back the drop down menu.,positive,negative,0.9561541676521301,0.9561541676521301,0.036004871129989624,0.007840978913009167
great mobile app for a great platform,positive,positive,0.9156426787376404,0.016403984278440475,0.06795331835746765,0.9156426787376404
easiest way to keep all my accommodation details with me when i travel.,positive,positive,0.9162589311599731,0.007267717272043228,0.07647337019443512,0.9162589311599731
"there is no way to search or jump to the pages i want. so, in a <number> page document, i have to page down until i get to where i want. very poor!",neutral,negative,0.968887448310852,0.968887448310852,0.02426021359860897,0.00685238977894187
crashes on z <number> compact,neutral,negative,0.7443394660949707,0.7443394660949707,0.20985543727874756,0.04580512270331383
"can't delete any of the pdf files! someone ,help mytouch <number> g",neutral,neutral,0.7173666954040527,0.08463931828737259,0.7173666954040527,0.19799403846263885
somethings wrong with this app,positive,negative,0.6844938397407532,0.6844938397407532,0.2913314700126648,0.02417471632361412
well organized app. offers better deals than the hotel itself.,positive,positive,0.9388659596443176,0.010834973305463791,0.050299011170864105,0.9388659596443176
faster than other app,positive,positive,0.6298045516014099,0.04365013167262077,0.3265452980995178,0.6298045516014099
"decent, but needs ability to define custom notification sound. the built-in ones are too quiet and the 'device default' is too general.",positive,neutral,0.7103840112686157,0.012898475863039494,0.7103840112686157,0.27671757340431213
"if you have difficulties staying focussed, then this is definitely the app for you. as trivial as it sounds, there's a real sense of satisfaction in seeing your forest grow the more time you log. the only thing i would say which could be added is social email support or facebook integration, which i believe is already a feature on the ios version. some of my friends are using it too, and seeing their forests grow (perhaps even on some kind of map next to mine?) would add an element of healthy competition!",positive,positive,0.7905210852622986,0.010670043528079987,0.1988089233636856,0.7905210852622986
would be better with out ads,positive,neutral,0.6851171255111694,0.03043440915644169,0.6851171255111694,0.2844484746456146
<number> star 'coz why we have to request hd quality picture first? oh <url> nobody need bad quality picture. washing <url> another chat app more better !!,neutral,neutral,0.5811347961425781,0.2772121727466583,0.5811347961425781,0.14165303111076355
"my screen goes off, but when i unlock my phone, my tree dies. makes the app pointless as it forces me to keep the screen on which is distracting. great concept though.",neutral,neutral,0.5775395631790161,0.3470129668712616,0.5775395631790161,0.07544752210378647
it will be better if the apps allow users to listen music while studying or doing their things,positive,positive,0.49624836444854736,0.013713297434151173,0.49003836512565613,0.49624836444854736
the app is free on android but why can't i use my new unlocked tree?!,negative,neutral,0.5268133878707886,0.34679728746414185,0.5268133878707886,0.12638932466506958
"not ideal, but better than a few other ""freeware"" options there with lots of adds or crappy ui.",positive,neutral,0.8128178715705872,0.024253370240330696,0.8128178715705872,0.1629287153482437
add break or pause option plz,positive,positive,0.5584398508071899,0.018691016361117363,0.42286908626556396,0.5584398508071899
good effort <url> try to send correct notification of the news or story.,positive,positive,0.8163617253303528,0.010768023319542408,0.17287032306194305,0.8163617253303528
doesn't work keeps saying bad internet connection but all other apps work.,negative,negative,0.7054137587547302,0.7054137587547302,0.2784687876701355,0.016117462888360023
did not install this app. all i did was update my phone and it was there and i can delete it! very annoying!!!,negative,negative,0.9407107830047607,0.9407107830047607,0.05267447978258133,0.0066147069446742535
last updates causing problems.,neutral,negative,0.5229243040084839,0.5229243040084839,0.43227627873420715,0.04479943960905075
"stupid app many many ads ,don't download this app",negative,negative,0.9718084931373596,0.9718084931373596,0.021327104419469833,0.0068643661215901375
too much buz for nothing so special.,negative,neutral,0.7937983870506287,0.0763406977057457,0.7937983870506287,0.129860982298851
simple but effective app to end smartphone addiction,positive,positive,0.8465256094932556,0.009864875115454197,0.14360953867435455,0.8465256094932556
technology at its <signature>,positive,positive,0.7830453515052795,0.04108411818742752,0.17587052285671234,0.7830453515052795
"editing is all about precision, of which this isn't good at. trying to crop is like throwing stones at a picture frame on a wall and hoping it sticks. when you get it you accidently press another button and all the work is <url> still needs some refining",neutral,neutral,0.7771168351173401,0.07877784967422485,0.7771168351173401,0.14410528540611267
used to love <url>,neutral,negative,0.8068693280220032,0.8068693280220032,0.16728290915489197,0.025847790762782097
bbm is really gud,positive,neutral,0.6322322487831116,0.16049087047576904,0.6322322487831116,0.20727689564228058
still a good app,neutral,neutral,0.49797841906547546,0.01663759909570217,0.49797841906547546,0.4853840172290802
"looks nice but the live radar always zooms in to close, i like to see the entire area around my location.",positive,positive,0.8165673017501831,0.00830121897161007,0.17513151466846466,0.8165673017501831
creeping permissions. no <signature>,negative,negative,0.9365969300270081,0.9365969300270081,0.05065396800637245,0.01274906750768423
don't expect to be productive on the tube,negative,negative,0.6089860200881958,0.6089860200881958,0.3723447322845459,0.018669214099645615
huge apo. does not have move to sd card. standard reader v. good. uninstalling.,negative,negative,0.963702380657196,0.963702380657196,0.029609929770231247,0.006687680725008249
too many push and price not clear,neutral,negative,0.5509858727455139,0.5509858727455139,0.40042102336883545,0.04859306663274765
great app but updated the app but the bug is still there where the animation plays without accessing the app so you have to tap screen to gain access to home screen. that bug has been there forever please fix!,neutral,positive,0.5684891939163208,0.025447452440857887,0.40606340765953064,0.5684891939163208
like it but need better notification settings,positive,positive,0.5689689517021179,0.012283116579055786,0.4187479317188263,0.5689689517021179
being a motorcycling enthusiast i like to know where the rain is and what direction it's heading.,positive,positive,0.8857334852218628,0.014749628491699696,0.099516861140728,0.8857334852218628
radar no longer works,negative,negative,0.9637367129325867,0.9637367129325867,0.026874305680394173,0.009389025159180164
why i cannot play my download video?,neutral,negative,0.4974270761013031,0.4974270761013031,0.4276178181171417,0.07495509088039398
as an alternative in contacting people,positive,positive,0.8350178599357605,0.014163578860461712,0.15081849694252014,0.8350178599357605
crashes all the time tells you there is no memory even on sd card. won't let you use if you decline push notifications,negative,negative,0.9416390061378479,0.9416390061378479,0.05233429744839668,0.00602670107036829
what's the point?,negative,negative,0.9344626665115356,0.9344626665115356,0.05482394993305206,0.010713345371186733
"i used to really love this browser but now it's just annoying .when i download files sometimes it tells me ""file doesn't exist"" and i have to redownload ,plus it lags .",negative,neutral,0.814934253692627,0.11081531643867493,0.814934253692627,0.07425037026405334
its good but i think it should add like fortnite emojis or other characters,positive,positive,0.5436625480651855,0.009842612780630589,0.44649478793144226,0.5436625480651855
its good but now a days it slow,neutral,neutral,0.682971179485321,0.011972248554229736,0.682971179485321,0.3050565719604492
"the emojis you can make out of it are great! however, it would be nice to implement the character doing different kinds of sports. also the app didn't have my face shape, hairstyle, and the mouth was too big for me. basically i had to go with what i could find that looked the most like me, and a bunch of people still thought that the bitmoji looked nothing like me. something else i'd like to add is that maybe for the female character, put some outfits that are t-shirts and moderate shorts, not just short shorts. i couldn't find my usual attire because of that. overall, my bitmoji only looks a bit like me so if you guys can change the face, costumes, and facial features to let more people have an accurate character, it'd be great. <signature>",positive,positive,0.5991705060005188,0.015538142062723637,0.38529136776924133,0.5991705060005188
throw this app to garbage,negative,negative,0.9692986607551575,0.9692986607551575,0.02332005277276039,0.00738123944029212
very nice and helpful <url> luving <url>,positive,positive,0.9155217409133911,0.014116051606833935,0.07036223262548447,0.9155217409133911
it will be better if there will be option to archive a chat,positive,neutral,0.6573784351348877,0.015804853290319443,0.6573784351348877,0.32681676745414734
requesting to build a bigger forest!,positive,negative,0.7316740155220032,0.7316740155220032,0.21789442002773285,0.05043158307671547
stop the stupid ads,negative,negative,0.5653761625289917,0.5653761625289917,0.3437667787075043,0.09085708856582642
spark lightening no longer working,neutral,negative,0.9289302229881287,0.9289302229881287,0.05813110992312431,0.012938594445586205
"slowly slowly you are making it worst app but it's your app you can do anything after all you are communist. see i don't like your inbuilt pdf viewer,video viewer app so allow user to use apps like adobe pdf reader and mx <url> and the new problem is the facebook video is not working <url> earlier i have given <number> star rating but now you are decreasing quality <url>",negative,negative,0.6009888052940369,0.6009888052940369,0.3477545976638794,0.05125658959150314
doesn't export my photos most of the time,neutral,negative,0.6990727186203003,0.6990727186203003,0.28120896220207214,0.019718289375305176
still need to improve,positive,neutral,0.5903496146202087,0.046633031219244,0.5903496146202087,0.36301732063293457
no philippine peso currency?,neutral,negative,0.5958027839660645,0.5958027839660645,0.35680657625198364,0.04739068076014519
"i downloaded this app specifically to merge photos together on my backpacking adventures whilst eliminating the need for a laptop. sadly, it does not have the function to merge photos for panoramic or hdr.",neutral,neutral,0.720893383026123,0.17524370551109314,0.720893383026123,0.1038629338145256
"pretty effective but i just noticed it doesn't pick up the usage of one of my most distracting apps (bacon reader for reddit). i was on it and thought oh no my tree! opened up to find it wasn't triggered. double checked my white list etc, everything was proper. if it doesn't block that it becomes pretty useless in my eyes",positive,neutral,0.7285429239273071,0.04634121060371399,0.7285429239273071,0.22511589527130127
"awesome app. it would be sooo useful to have one button access to the lastest posts accross all channels and all workgroups, i find im spending much time digging around for the latest posts.",positive,positive,0.9261196255683899,0.007824257016181946,0.06605616956949234,0.9261196255683899
its good and so easy to use,positive,positive,0.7845267653465271,0.009646153077483177,0.20582708716392517,0.7845267653465271
this isn't as good as it's siblings,negative,neutral,0.7809771299362183,0.08833946287631989,0.7809771299362183,0.13068339228630066
app is good service,neutral,positive,0.5443013310432434,0.015768971294164658,0.43992966413497925,0.5443013310432434
app thinks i am a man :'),negative,neutral,0.5761796236038208,0.221027672290802,0.5761796236038208,0.2027927190065384
will not work correctly. i tryed to set the map in motion and it will not move!,negative,negative,0.9639891982078552,0.9639891982078552,0.02902732603251934,0.006983463652431965
super cute but kind of difficult to use on the spot.,positive,positive,0.5464516878128052,0.017760740593075752,0.435787558555603,0.5464516878128052
"nice, but couldn't find night mode.",positive,neutral,0.780333936214447,0.022110259160399437,0.780333936214447,0.19755573570728302
"insanely unreliable - wont let me accept invites to other workspaces nor will this application even show me the invite - login inconsistency, i can auto-login with the app but when i type my password in non-app login screens it wont work. its the same password i use for other applications and i successfully login each time.",negative,negative,0.9315791130065918,0.9315791130065918,0.06130480766296387,0.007116077002137899
cant search without creating an account! they need your email so the can sell it to spammers! unistall!,negative,negative,0.9692529439926147,0.9692529439926147,0.024587314575910568,0.006159783340990543
only good not <signature>,neutral,neutral,0.7093210220336914,0.0410347580909729,0.7093210220336914,0.24964424967765808
it is a waste app and waste of time. it is only useful for downloading the movies,positive,negative,0.9657197594642639,0.9657197594642639,0.027147972956299782,0.007132256869226694
it's fast and i can always use it to download,positive,positive,0.886347770690918,0.008677517995238304,0.10497476160526276,0.886347770690918
have to use and see,neutral,neutral,0.5047054290771484,0.13048085570335388,0.5047054290771484,0.3648137152194977
good but some issues,positive,positive,0.4997113347053528,0.010562478564679623,0.48972615599632263,0.4997113347053528
plz see sex movies it's nice in this,neutral,neutral,0.5731253623962402,0.034697867929935455,0.5731253623962402,0.3921767771244049
wont open. it always crashes and my phone reports it having multiple errors in <number> week,negative,negative,0.9663695096969604,0.9663695096969604,0.02816639468073845,0.005464128218591213
fcs on a <number> page pdf. really?! even on my stock evo that's awesome? this reminds me of flash player on my laptop- always causing problems. adobe = crap,negative,negative,0.723556399345398,0.723556399345398,0.23594219982624054,0.04050145298242569
"the worst app ever can't download a single <url> my downloads have been ""unsuccessful""",negative,negative,0.9705227017402649,0.9705227017402649,0.02147090807557106,0.008006502874195576
needs text search and in-document link support.,neutral,neutral,0.6578285098075867,0.039939552545547485,0.6578285098075867,0.30223190784454346
it's a great app. love it and good job,neutral,positive,0.8818498253822327,0.028388164937496185,0.08976203203201294,0.8818498253822327
"sometimes wonky when on wifi, but that could be internet connection issue. also wants to have high accuracy location on which will drain your phone quickly.",neutral,neutral,0.7961174249649048,0.03553268685936928,0.7961174249649048,0.1683499664068222
why am i now seeing ads? lame!,negative,negative,0.9006884694099426,0.9006884694099426,0.0872354507446289,0.012076077051460743
you had one job,positive,negative,0.7435939311981201,0.7435939311981201,0.2046605497598648,0.051745541393756866
"it would be nice if there was an option to record voice messages.    nuisance: when i press 'backwards' in my android, i am thrown out of the app, instead of going backwards to the messages list.    nuisance: i don't see a list of last messaged people in chronological order but randomly. this drives me <url>",neutral,neutral,0.800696849822998,0.030416293069720268,0.800696849822998,0.16888687014579773
not replacement for the desktop app,neutral,neutral,0.6321355700492859,0.144940584897995,0.6321355700492859,0.22292383015155792
great app to communicate with family and friends.,positive,positive,0.9378008246421814,0.012297346256673336,0.04990176483988762,0.9378008246421814
best chat application ever,neutral,positive,0.9021838903427124,0.012545164674520493,0.08527093380689621,0.9021838903427124
good app bt needs new features,neutral,neutral,0.5124825835227966,0.020326919853687286,0.5124825835227966,0.4671904444694519
it requires access permission n i dont know from where to turn on so can u plz tell m!!,neutral,negative,0.8968979716300964,0.8968979716300964,0.09051931649446487,0.012582765892148018
uffff!!!! plzz don't downloaded this,negative,negative,0.9131087064743042,0.9131087064743042,0.07346147298812866,0.013429785147309303
good <url> lacks some essential features,positive,neutral,0.6720130443572998,0.01415658462792635,0.6720130443572998,0.31383034586906433
"the app is ok but the camera should no have any sound when you take photos, that problem is quite annoying",neutral,neutral,0.8608720898628235,0.025148462504148483,0.8608720898628235,0.11397942155599594
installation corrupts gmail db on n <number> android <number> . <number>,negative,negative,0.9343708753585815,0.9343708753585815,0.05595095455646515,0.009678160771727562
i think it's a great start app!,positive,positive,0.7495574951171875,0.01390006672590971,0.2365424782037735,0.7495574951171875
radar has been freezing and not moving for last month. deleted it after all this time. pos!!!,negative,negative,0.9644723534584045,0.9644723534584045,0.028865789994597435,0.006661783438175917
ok till it goes wrong,neutral,neutral,0.7737870216369629,0.04402514919638634,0.7737870216369629,0.18218785524368286
i rely on weatherbug every day.,positive,positive,0.8922046422958374,0.015764961019158363,0.09203039109706879,0.8922046422958374
"love this app, especially the lightening strike tracker.",positive,positive,0.8671825528144836,0.03679874911904335,0.09601866453886032,0.8671825528144836
there's still more to it.,positive,neutral,0.6534671187400818,0.07048757374286652,0.6534671187400818,0.2760453224182129
very basic and subscription based,negative,positive,0.5414222478866577,0.10118890553712845,0.3573888838291168,0.5414222478866577
no words great app,positive,negative,0.765641987323761,0.765641987323761,0.1959782987833023,0.038379743695259094
"im not use as well, i think it is bad application, i dont like.",negative,negative,0.555184543132782,0.555184543132782,0.4122714400291443,0.032544054090976715
keeps saying photos not found whwn trying to send/ attach to people. using a note <number> <url> its not <url> it <url> pwrfect for what application i needed it for. will try again when i get new phone in a couple weeks.,negative,negative,0.8523807525634766,0.8523807525634766,0.13526037335395813,0.012358810752630234
helpful for book reading,positive,positive,0.9268954992294312,0.008417231030762196,0.06468727439641953,0.9268954992294312
sometimes slow but yet efficient.,positive,positive,0.6226814985275269,0.01157716941088438,0.3657413125038147,0.6226814985275269
for some reason the keyboard doesn't work on my phone. and i can't do couple's bitmojis with my wife. but it's fun to use with her anyhow,positive,positive,0.6552973389625549,0.008984124287962914,0.3357184827327728,0.6552973389625549
make anoying bc different ring with chat ring,neutral,positive,0.7852452993392944,0.03143283724784851,0.18332187831401825,0.7852452993392944
"please make the browser application sync-able with android phones. i was able to sync a few days ago, but now it only syncs with an ios account.",positive,neutral,0.7133030891418457,0.19289487600326538,0.7133030891418457,0.09380201250314713
great app. would have been a <number> if avatar could be edited,neutral,positive,0.888900876045227,0.011053384281694889,0.10004577040672302,0.888900876045227
poor cousin to the desktop app,neutral,negative,0.7940422892570496,0.7940422892570496,0.18279097974300385,0.023166771978139877
i get notification for update but i can't update my bbm. please fix it.,neutral,neutral,0.7097740173339844,0.13968339562416077,0.7097740173339844,0.15054257214069366
it wont let me download its saying it is but not getting it,negative,negative,0.9592679142951965,0.9592679142951965,0.03462749347090721,0.006104569882154465
force closed zenfone <number>,negative,negative,0.8690609931945801,0.8690609931945801,0.10102584958076477,0.029913118109107018
cloud service only idea bites,negative,neutral,0.6004024147987366,0.22517983615398407,0.6004024147987366,0.17441779375076294
i can't sign <url> :'(,neutral,negative,0.8607116937637329,0.8607116937637329,0.11616149544715881,0.023126790300011635
horrible for one reason,negative,negative,0.959967315196991,0.959967315196991,0.03014644794166088,0.009886194951832294
<salutation> opening unwanted liks,negative,neutral,0.4292004704475403,0.40375396609306335,0.4292004704475403,0.16704559326171875
won't let me end chat,negative,negative,0.878734827041626,0.878734827041626,0.10953932255506516,0.011725902557373047
"nice, but flow could be better.",positive,positive,0.6384572386741638,0.010119586251676083,0.3514231741428375,0.6384572386741638
it just froze up a few days <url> doesn't work at all when i click on it,negative,negative,0.8809128403663635,0.8809128403663635,0.10703254491090775,0.012054696679115295
the news which displays on the welcome page is very annoying and vulgar have to be very careful when giving it to the children's at home to surf the internet and we had to use other browser in front of others as your front page containt all the vulgarity in news most of the people don't know how to disable news. the option should be visible on the front screen itself,negative,neutral,0.5237072706222534,0.41410428285598755,0.5237072706222534,0.062188439071178436
seems impossible to make a review,neutral,neutral,0.8001322150230408,0.15047477185726166,0.8001322150230408,0.04939291626214981
reflow doesn't let you move from what's on the screen. no option to go to specific pages directly (really? scroll through a <number> + page book everytime?),neutral,neutral,0.6315672397613525,0.3281839191913605,0.6315672397613525,0.04024883359670639
low score due to the lack of a dark theme/night mode in <number> !,neutral,neutral,0.511238694190979,0.4446541666984558,0.511238694190979,0.04410717636346817
"no floating head, why",negative,neutral,0.4470129907131195,0.44039472937583923,0.4470129907131195,0.11259229481220245
bad on sms blocking,neutral,negative,0.859452486038208,0.859452486038208,0.12429758161306381,0.016249915584921837
hated the new update,negative,negative,0.9625639319419861,0.9625639319419861,0.029984906315803528,0.007451180834323168
i find it a bit odd that the app doesn't automatically open a file. i have to go to the app and open the file from there.,positive,neutral,0.7673162221908569,0.020734427496790886,0.7673162221908569,0.21194936335086823
the weather people are always wrong they suck,negative,neutral,0.5189893245697021,0.4231794476509094,0.5189893245697021,0.05783120542764664
"no ""go to page"" feature? really?",neutral,neutral,0.49372756481170654,0.45342227816581726,0.49372756481170654,0.05285020172595978
caused ipad safari to stop working,negative,negative,0.9436609745025635,0.9436609745025635,0.0465465784072876,0.00979244988411665
it's a good app to communicate with team instantly,positive,positive,0.843376636505127,0.007398849353194237,0.14922446012496948,0.843376636505127
garbage. worthless app. i hope someone comes up with one better and more organized for people use. makes no sense. cant navigate. not worth the headache.,negative,negative,0.9698754549026489,0.9698754549026489,0.02221413142979145,0.007910308428108692
good but seems to be a battery drainer on lollipop,neutral,neutral,0.6324296593666077,0.012721104547381401,0.6324296593666077,0.3548491597175598
like the funny <url>,positive,positive,0.695414662361145,0.022731000557541847,0.2818542718887329,0.695414662361145
"useless app, doesn't work as described",negative,negative,0.9693321585655212,0.9693321585655212,0.02259078621864319,0.008077019825577736
pdf viewer works much smoother and loads faster,negative,neutral,0.5543401837348938,0.03401590511202812,0.5543401837348938,0.4116438925266266
awesome app with awful ux,neutral,negative,0.914979100227356,0.914979100227356,0.06263677775859833,0.02238418720662594
<salutation> why most of the time. when i finish downloading video and going to play it. it says failed to open its not like this before using old version.,negative,neutral,0.5900974869728088,0.2769681215286255,0.5900974869728088,0.13293437659740448
couldn't get edited photos out of lightroom!,negative,negative,0.7272210121154785,0.7272210121154785,0.25945791602134705,0.013321048580110073
the update sucks!!! i lost all the trees i previously unlocked.,negative,negative,0.9698619842529297,0.9698619842529297,0.023367805406451225,0.006770126987248659
the cancellations are confusing and the will double charge,neutral,neutral,0.6740169525146484,0.23841768503189087,0.6740169525146484,0.0875653624534607
"great, but eset is going off",positive,neutral,0.5106968283653259,0.020702382549643517,0.5106968283653259,0.4686008095741272
it is too slow app.,negative,neutral,0.5355563759803772,0.42367294430732727,0.5355563759803772,0.04077070951461792
good & need more development options,neutral,positive,0.7130045890808105,0.01001725159585476,0.27697813510894775,0.7130045890808105
browsing fast but before download its doing re direct and suggest an other app.,positive,neutral,0.7060989141464233,0.11859297007322311,0.7060989141464233,0.17530812323093414
please fix as soon as <url> cannot send message n dont have received feeds,negative,neutral,0.4776107966899872,0.4634706974029541,0.4776107966899872,0.058918505907058716
too many ads dude,negative,negative,0.6349581480026245,0.6349581480026245,0.33037564158439636,0.03466619923710823
through this app i get amazing deals,positive,positive,0.9040658473968506,0.026541534811258316,0.0693925991654396,0.9040658473968506
very helpful & useful for media <url>,positive,positive,0.9297215342521667,0.011859805323183537,0.05841861665248871,0.9297215342521667
very helpful the apps,positive,positive,0.9300592541694641,0.011114315129816532,0.058826494961977005,0.9300592541694641
update screwed the app over,negative,negative,0.9617728590965271,0.9617728590965271,0.030891617760062218,0.007335485890507698
i love the variety of fashion styles this app offers. really digging on the poses & emotion statements. emoji id me. a ok,positive,positive,0.9307541847229004,0.014086701907217503,0.05515916272997856,0.9307541847229004
except advertising everything is fine,positive,neutral,0.7362701296806335,0.0348750539124012,0.7362701296806335,0.22885483503341675
does what it's meant to do,positive,neutral,0.6873649954795837,0.09647724777460098,0.6873649954795837,0.21615777909755707
it's bad browsing with opera,positive,neutral,0.7712743282318115,0.15797583758831024,0.7712743282318115,0.07074981927871704
storm warnings are behind. weather warnings just seams to be behind,neutral,neutral,0.623871386051178,0.27322229743003845,0.623871386051178,0.1029062494635582
not really but they had an annoying notification getting me to rate the app so,negative,neutral,0.8187404870986938,0.04956035688519478,0.8187404870986938,0.13169914484024048
was better before they started messing with it. but still a bit of silly fun,neutral,neutral,0.7481642961502075,0.03334572911262512,0.7481642961502075,0.21848998963832855
can no longer save locations.,neutral,negative,0.8908593654632568,0.8908593654632568,0.08885618299245834,0.020284432917833328
"i use to like this app. but now the radar animation don't work,and i use to like that. i see it doesn't work for other people either sence the upgrade.",negative,neutral,0.6451045274734497,0.28493160009384155,0.6451045274734497,0.06996382772922516
it works but thats it,neutral,neutral,0.7330704927444458,0.058789607137441635,0.7330704927444458,0.20813986659049988
"next update have any problems after i'm updates its say bbm not responding, and refresh page is take a long time, maybe <number> minutes, why the hell??",neutral,neutral,0.6378015279769897,0.28980085253715515,0.6378015279769897,0.07239764928817749
"just downloaded it, and haven't had the chance to use it much.",positive,negative,0.9237683415412903,0.9237683415412903,0.0661199763417244,0.01011171005666256
inferior to the ios version.,neutral,negative,0.542320191860199,0.542320191860199,0.4134148061275482,0.04426497220993042
"this app just simply doesnt care if i have allowed the data access or not. despite completely stopping the access to mobile data and wifi, it still runs in the background, connects with the internet and receives the texts. extremely intrusive and not something to have installed on your phone. if this is how it behaves, then it can't be trusted. uninstalled.",negative,negative,0.9627195000648499,0.9627195000648499,0.030936239287257195,0.0063443598337471485
quick booking. many options.,positive,positive,0.902701199054718,0.008217341266572475,0.08908142894506454,0.902701199054718
can't jump to pages. up arrow disappears. at least make it optional for up arrow to stay visible all the time. just plain out aggregating to use.,negative,neutral,0.6353763937950134,0.32554763555526733,0.6353763937950134,0.03907596692442894
very lag and make my phone so slow,negative,neutral,0.6320077776908875,0.3216635584831238,0.6320077776908875,0.046328719705343246
useful and stable application <signature>,positive,positive,0.9201008081436157,0.010762731544673443,0.06913647055625916,0.9201008081436157
overall a good app fast downloading and <signature>,positive,positive,0.908920407295227,0.008119119331240654,0.08296054601669312,0.908920407295227
good place to work in groups,positive,positive,0.7801781296730042,0.00891297310590744,0.21090887486934662,0.7801781296730042
good application. but needs some improvement,positive,positive,0.6671256422996521,0.009729980491101742,0.3231443464756012,0.6671256422996521
good app but to much fake news and add,negative,positive,0.7855883240699768,0.011445109732449055,0.20296652615070343,0.7855883240699768
cool idea with severe (ironic) bug,positive,neutral,0.7081701159477234,0.07422138005495071,0.7081701159477234,0.21760854125022888
this app are clearing all data,neutral,negative,0.9371991157531738,0.9371991157531738,0.04858929663896561,0.01421157643198967
good for a waytomake moneyon the side,neutral,neutral,0.6136096119880676,0.024511178955435753,0.6136096119880676,0.36187922954559326
it is very nice app,neutral,positive,0.8303231596946716,0.010530296713113785,0.1591465026140213,0.8303231596946716
"best editing software. ui is easy , but please remove the trial",positive,positive,0.6023743748664856,0.014550278894603252,0.3830753564834595,0.6023743748664856
not visible in app tray!,positive,negative,0.6337986588478088,0.6337986588478088,0.3297422230243683,0.036459099501371384
the only thing i would do different is make this available on facebook i can't access it for my posts. had to uninstall and reinstall as it stopped working.,neutral,negative,0.9074942469596863,0.9074942469596863,0.07019273191690445,0.022313052788376808
"would have been a perfect app excet for the fact that you cant insert the icon into your current text, but have to start a new one(text) <url> , and with every icon!",neutral,positive,0.6329238414764404,0.02277110517024994,0.34430503845214844,0.6329238414764404
some issues in confirming the booking.,neutral,neutral,0.630839467048645,0.03181840851902962,0.630839467048645,0.33734214305877686
pls also cover news of intl. importance,neutral,positive,0.661293625831604,0.06353139132261276,0.27517497539520264,0.661293625831604
very easy to navigate,positive,positive,0.9122563600540161,0.008818548172712326,0.07892505824565887,0.9122563600540161
won't stop shutting down. reported several times,negative,negative,0.9140708446502686,0.9140708446502686,0.07562419772148132,0.010305041447281837
easy and very helpful,positive,positive,0.9259113669395447,0.013535109348595142,0.06055348366498947,0.9259113669395447
"there is a problem, at least in this version, each time i try to view an already downloaded city guide while i'm online, always displays the search page for hotels <url>",neutral,neutral,0.730153501033783,0.041537635028362274,0.730153501033783,0.22830885648727417
i am just downloading the app after completion i'll increase or decrease the rating based on the app performance,neutral,negative,0.5434680581092834,0.5434680581092834,0.3956691324710846,0.06086274981498718
"notif now okay, ads still not ok",positive,neutral,0.5110419988632202,0.4341787099838257,0.5110419988632202,0.0547792948782444
"great app, too bad i'm on android.",positive,positive,0.8775157928466797,0.011929293163120747,0.11055489629507065,0.8775157928466797
"it's is very effective app , but it takes too much time in opening",neutral,neutral,0.6881471872329712,0.014751121401786804,0.6881471872329712,0.2971016466617584
same bad it is good for search and for download but it is no to much good when i open uc browser on it home sreen or default and not save language option for my side not good,neutral,negative,0.5047824382781982,0.5047824382781982,0.4571513533592224,0.03806619718670845
not good for me,negative,negative,0.48925307393074036,0.48925307393074036,0.47324123978614807,0.037505730986595154
it's good for few days later it is not working well,neutral,neutral,0.7422057390213013,0.016209308058023453,0.7422057390213013,0.24158494174480438
"keeps crashing. really looked fwd to checking it out, but crashes all the time. the few times it worked the timer got messed <url> work it out!",neutral,negative,0.7521061301231384,0.7521061301231384,0.22901488840579987,0.018879033625125885
the worst - yet the only <url> ckck,negative,negative,0.9283612370491028,0.9283612370491028,0.05046357959508896,0.02117522619664669
i love this app!it really helped me! devs keep on fixing and constantly improving on the app. worth any all in app purchases (which are very cheap btw). just missing a widget! &lt;/ <number>,negative,positive,0.8308610916137695,0.050804030150175095,0.11833491176366806,0.8308610916137695
my bbm very slow .. what happen ??,negative,negative,0.7238615155220032,0.7238615155220032,0.24562408030033112,0.03051442839205265
i like booking in my computer,neutral,positive,0.8063639998435974,0.02023766189813614,0.17339834570884705,0.8063639998435974
i like this app,positive,positive,0.7025851607322693,0.049035996198654175,0.24837884306907654,0.7025851607322693
can't do or find anything on the app,negative,negative,0.8648186922073364,0.8648186922073364,0.125174880027771,0.010006415657699108
why open raw files ?,positive,neutral,0.6508512496948242,0.14833858609199524,0.6508512496948242,0.20081014931201935
"all but useless in europe. slow to update and most features just don't work here at all. added a daily weather report, great! oh wait, it describes only one <url>",negative,negative,0.9187827706336975,0.9187827706336975,0.06577108055353165,0.015446126461029053
something very wrong with the app,negative,negative,0.8935636281967163,0.8935636281967163,0.09383545070886612,0.012600862421095371
iterate this app more then ads,negative,neutral,0.4973369240760803,0.42556142807006836,0.4973369240760803,0.0771017000079155
old seen should not repeat please,neutral,neutral,0.4539104700088501,0.4429719150066376,0.4539104700088501,0.10311755537986755
great app for traveling,positive,positive,0.9163386225700378,0.011118430644273758,0.07254292070865631,0.9163386225700378
was so great <url> but <url>,negative,neutral,0.6832795739173889,0.13445426523685455,0.6832795739173889,0.1822662055492401
it's a nice app,positive,positive,0.7826853394508362,0.008526857942342758,0.20878776907920837,0.7826853394508362
i love this service,positive,positive,0.4679098427295685,0.23514056205749512,0.2969496250152588,0.4679098427295685
larry delaney like it,neutral,positive,0.6842416524887085,0.019667157903313637,0.296091228723526,0.6842416524887085
not working with google messenger,neutral,negative,0.9364291429519653,0.9364291429519653,0.05542238801717758,0.008148560300469398
"i am enjoying the app very much, it was recommended by my nephew and it is everything that he said it would be!!",positive,positive,0.904228150844574,0.017863424494862556,0.07790840417146683,0.904228150844574
really only works with small documents and even then runs into freezes on motorola droid. no page jump which for books is necessary,negative,neutral,0.6894336938858032,0.21139153838157654,0.6894336938858032,0.09917476028203964
"i used to really love this app until it started killing my trees just for receiving a notification that i hadn't opened yet. advanced detection is not on. may as well turn the phone off, but i use it for music.",negative,neutral,0.6841237545013428,0.08311343193054199,0.6841237545013428,0.23276276886463165
crashes immediately after startup - can't use it!,negative,negative,0.9556002616882324,0.9556002616882324,0.03840317577123642,0.005996546242386103
can't login to bbm,negative,negative,0.8767036199569702,0.8767036199569702,0.11279922723770142,0.010497147217392921
an very much useful application,positive,positive,0.901583731174469,0.009975329972803593,0.08844096213579178,0.901583731174469
works great except a few things,positive,positive,0.7164173126220703,0.014439044520258904,0.269143670797348,0.7164173126220703
"<salutation> awful interface lacking any true customisation, yet another chat app that brings nothing new to the table and steals ideas from discord, an exercise in reinventing the wheel which hasn't been updated in years and crashes all the time. also i wouldn't trust this app if you value your privacy. avoid like the plague.",negative,negative,0.950348973274231,0.950348973274231,0.04120486602187157,0.008446155115962029
good for editing bad for storage,neutral,neutral,0.7121307253837585,0.03434263914823532,0.7121307253837585,0.2535266876220703
"it's <url> only downside is can't make just any emotion, but overall great",positive,positive,0.8266779780387878,0.008935825899243355,0.16438624262809753,0.8266779780387878
used to work . please fix,negative,negative,0.7714493870735168,0.7714493870735168,0.19763681292533875,0.03091377392411232
it would be great if there's a feature where i can sort my files in folders because it is irritating to find a certain file in my sea of different subjects.,positive,positive,0.5113043785095215,0.011994387023150921,0.4767012298107147,0.5113043785095215
one thing that uc devs definitely do is to remove ads and news <url> page is annoying if we want to read then will go in news site,negative,neutral,0.590447723865509,0.3130863308906555,0.590447723865509,0.09646598249673843
nice to be back,positive,positive,0.5585676431655884,0.014487971551716328,0.4269443452358246,0.5585676431655884
"in all, we have to check this.",neutral,positive,0.5139191150665283,0.06999734789133072,0.41608354449272156,0.5139191150665283
freezes on some files,neutral,neutral,0.5113824605941772,0.44615015387535095,0.5113824605941772,0.042467404156923294
cannot save progress without spending money.,negative,negative,0.9187613129615784,0.9187613129615784,0.06852374970912933,0.012714867480099201
greatly helpful. i like it,positive,positive,0.9199880957603455,0.016848918050527573,0.06316300481557846,0.9199880957603455
can't even spell sydney right,negative,negative,0.9116448760032654,0.9116448760032654,0.07692020386457443,0.011434926651418209
can't even create an account,negative,negative,0.9661496877670288,0.9661496877670288,0.025870436802506447,0.007979964837431908
nice app but you put extra features in this app but app is good,neutral,positive,0.7307758927345276,0.008144012652337551,0.2610800564289093,0.7307758927345276
"good, but better without all those ads like other free messengers such as whatsapp, telegram, etc",neutral,positive,0.5576807260513306,0.010220606811344624,0.4320986568927765,0.5576807260513306
wow. useless. hated it. <number> stars. (if i <url> ),negative,negative,0.9684913158416748,0.9684913158416748,0.022419895976781845,0.00908886268734932
"bloated, glorified chat. i use it because my company obliges me to do so.",negative,neutral,0.5968539714813232,0.2549721896648407,0.5968539714813232,0.14817377924919128
it dors ansolutely nothing. wastef my time!,negative,negative,0.9573469161987305,0.9573469161987305,0.03414274752140045,0.008510228246450424
superb editing in this,neutral,positive,0.9260188937187195,0.01183716394007206,0.062143970280885696,0.9260188937187195
"generally very good & helpful, with some good prices. free cancellation option is extremely useful.",positive,positive,0.9240817427635193,0.008430976420640945,0.06748725473880768,0.9240817427635193
"the ""i'm listening to"" <url>",positive,positive,0.46385470032691956,0.12138508260250092,0.41476017236709595,0.46385470032691956
"solid app, but lacking in the tablet ux area",positive,neutral,0.8154992461204529,0.053720735013484955,0.8154992461204529,0.13077996671199799
let people to create more characters,neutral,positive,0.7007157802581787,0.03641942888498306,0.26286470890045166,0.7007157802581787
app is good brower is so fast but news section in uc brower is the worst thing in the world,neutral,neutral,0.7511801719665527,0.07810716331005096,0.7511801719665527,0.1707126647233963
"it is good easy to use , but why i have to download opera browser to download any videos from uc browser please fix this problem .",neutral,neutral,0.587604284286499,0.013140344992280006,0.587604284286499,0.39925533533096313
it worked better before the <url> anything posted is hard to see and get to.,neutral,neutral,0.5235621333122253,0.40081045031547546,0.5235621333122253,0.07562747597694397
can't apply for instagram. please updated,neutral,negative,0.8706079721450806,0.8706079721450806,0.11485010385513306,0.01454198732972145
image size goes from <number> mb to <number> kb else fine.,neutral,neutral,0.7667508125305176,0.07756912708282471,0.7667508125305176,0.1556801199913025
please enable apps <number> sd immediately. <signature>,negative,neutral,0.545076847076416,0.19532687962055206,0.545076847076416,0.2595962584018707
like the app but the don't update rainfall very often.,positive,neutral,0.7112137079238892,0.025808185338974,0.7112137079238892,0.26297810673713684
i liked <url> the size of this app is <url> is better,positive,positive,0.6778907775878906,0.025629593059420586,0.2964796721935272,0.6778907775878906
this app is extremely bloated. for the functionality provided it should fit within <number> mb without issues.,negative,neutral,0.5032765865325928,0.446839302778244,0.5032765865325928,0.049884069710969925
half assed. uninstall! droid ally,negative,negative,0.965238094329834,0.965238094329834,0.02775101736187935,0.0070109134539961815
quite nice - would be useful to edit posts from mobile,positive,positive,0.8546119928359985,0.007373154629021883,0.13801488280296326,0.8546119928359985
app <number> f. temp <number> f,negative,neutral,0.5738817453384399,0.23195780813694,0.5738817453384399,0.19416041672229767
too many update it's annoying,neutral,neutral,0.8118231296539307,0.12967757880687714,0.8118231296539307,0.05849925056099892
not responding to phone calls or emails. no customer service at all.,negative,negative,0.9150848984718323,0.9150848984718323,0.07556021213531494,0.009354962967336178
thanks for fixing the problem,negative,positive,0.8079721927642822,0.018428968265652657,0.17359879612922668,0.8079721927642822
room rate at times is misleading subject to additional charges,neutral,neutral,0.7032487988471985,0.17397496104240417,0.7032487988471985,0.12277618050575256
access to files/photos/media,negative,positive,0.6117144823074341,0.0489034466445446,0.3393820822238922,0.6117144823074341
"best messaging app, not so great for file sharing though",positive,positive,0.7129337191581726,0.011350005865097046,0.27571630477905273,0.7129337191581726
they want to much access,neutral,negative,0.7726392149925232,0.7726392149925232,0.1873186230659485,0.040042124688625336
"would love more clothing choices, glasses and skin tones.",neutral,positive,0.8851648569107056,0.010037703439593315,0.10479742288589478,0.8851648569107056
line freecall is better than bbm freecall,neutral,neutral,0.6981920599937439,0.07313334196805954,0.6981920599937439,0.22867460548877716
this app very nice & use very easy,neutral,positive,0.9182165861129761,0.013059881515800953,0.06872357428073883,0.9182165861129761
make the dp full hd,neutral,neutral,0.6039057970046997,0.06294470280408859,0.6039057970046997,0.3331495225429535
good if it doesn't has annoying news banners,positive,neutral,0.6459287405014038,0.012749165296554565,0.6459287405014038,0.3413220942020416
please make the lite variant of this app for smartphones with less storage.,negative,positive,0.5388178825378418,0.02713729441165924,0.43404483795166016,0.5388178825378418
age group <number> to <number> years old,negative,neutral,0.49102601408958435,0.23566901683807373,0.49102601408958435,0.2733049690723419
takes a lot of space,negative,neutral,0.6483237147331238,0.2630443274974823,0.6483237147331238,0.08863198757171631
trible app. ui is horrible.,negative,negative,0.9108670353889465,0.9108670353889465,0.07304347306489944,0.01608949899673462
loved the app very much,positive,positive,0.4634067714214325,0.16703054308891296,0.3695627450942993,0.4634067714214325
this bbm is not working on my galaxy s <number> edge why,neutral,negative,0.9407240748405457,0.9407240748405457,0.04829205945134163,0.010983864776790142
it's great <url>,neutral,positive,0.8011569976806641,0.019705330953001976,0.1791377067565918,0.8011569976806641
where is option for timer,negative,neutral,0.7336120009422302,0.05706462636590004,0.7336120009422302,0.2093234360218048
well not. so good work but. some what.,neutral,neutral,0.764133095741272,0.018582893535494804,0.764133095741272,0.21728402376174927
this could be great <url>,neutral,neutral,0.6108260750770569,0.046122144907712936,0.6108260750770569,0.3430517613887787
take too much space or ram to run,neutral,neutral,0.5968654751777649,0.3534739911556244,0.5968654751777649,0.049660466611385345
very useful. ive used the app many times in the last few years. hv even referred others by telling them directly. wish full address address of property could be included even before booking. thats my only complaint.,positive,positive,0.8226433992385864,0.009141278453171253,0.1682153195142746,0.8226433992385864
i love it but she doesn't look like me after making so many changes!!,positive,positive,0.7841068506240845,0.02489835023880005,0.19099478423595428,0.7841068506240845
"it's ok, but since it appears to have basic reflow why can't we have white text on black background to save battery?",neutral,neutral,0.82646644115448,0.014303045347332954,0.82646644115448,0.1592305600643158
great!!! amazing tool for textbooks in pdf <url> i use it on my lenovo tab <number> <number> plus and it works awesome. most of my medical textbooks converted in pdf run absolutely fine with this app.,positive,positive,0.9377409815788269,0.010954638943076134,0.05130432918667793,0.9377409815788269
bothering me for a rating,neutral,neutral,0.5715404152870178,0.3736790120601654,0.5715404152870178,0.05478063225746155
it works great until you need to use another app. even when i whitelist apps my tree still withers,neutral,neutral,0.6298112869262695,0.03730200231075287,0.6298112869262695,0.3328867256641388
good weather overview. occasionally buggy (no pun intended).,positive,positive,0.7546373009681702,0.00990272406488657,0.23545993864536285,0.7546373009681702
when it works is great,neutral,neutral,0.658929705619812,0.2219170480966568,0.658929705619812,0.11915324628353119
radar map doesnt work at all since last update. please fix and get <number> stars,negative,negative,0.9457698464393616,0.9457698464393616,0.045797958970069885,0.008432191796600819
"how do i use on facebook,?",negative,neutral,0.5149813294410706,0.11484246701002121,0.5149813294410706,0.37017619609832764
used to be my favorite app,negative,negative,0.7692565321922302,0.7692565321922302,0.20366619527339935,0.027077263221144676
its all good except for one thing.,neutral,neutral,0.7190826535224915,0.013075979426503181,0.7190826535224915,0.26784130930900574
to good to be true,positive,neutral,0.48691365122795105,0.08820249885320663,0.48691365122795105,0.4248838722705841
this app is useful for me,positive,positive,0.7095953226089478,0.012867220677435398,0.27753746509552,0.7095953226089478
"only worked for a day, then the app would never open and kept saying there was a error. uninstalled the re-installed <number> times never worked again",negative,negative,0.9558928608894348,0.9558928608894348,0.03676512464880943,0.007342040538787842
not able to open pdf's downloaded to sd <url>,negative,negative,0.8518185019493103,0.8518185019493103,0.13695666193962097,0.011224878951907158
slow and crashes dinc v <number> . <number>,negative,negative,0.6558705568313599,0.6558705568313599,0.31533196568489075,0.028797462582588196
"easy to use, fairly accurate!",positive,positive,0.93238765001297,0.008568478748202324,0.05904380604624748,0.93238765001297
its a usefull app for informal office communication.,positive,positive,0.9257667660713196,0.007340626325458288,0.06689262390136719,0.9257667660713196
"facebook face detection doesn't work, so you have to start from scratch. also not enough selection to choose from.",neutral,neutral,0.5681996941566467,0.3772139847278595,0.5681996941566467,0.054586298763751984
more than one and add more stuff. (stuff to make the avatar),neutral,positive,0.9093035459518433,0.012185580097138882,0.07851091027259827,0.9093035459518433
i can't play it that sucks,negative,negative,0.9336536526679993,0.9336536526679993,0.05632500723004341,0.01002134196460247
crashes during import htc one m <number>,negative,negative,0.7961479425430298,0.7961479425430298,0.1832742989063263,0.020577706396579742
does exactly what it says. i like it.,positive,positive,0.9110456109046936,0.010501502081751823,0.07845287024974823,0.9110456109046936
i think this app is good,positive,positive,0.5584065318107605,0.016059668734669685,0.4255337715148926,0.5584065318107605
great app. free cancellation should be indicated per hotel before booking.,positive,positive,0.9042701125144958,0.011239653453230858,0.08449020236730576,0.9042701125144958
"it's great for pdf, i only wish it supported other book formats like epub or mobi",positive,positive,0.7616836428642273,0.009250186383724213,0.2290661633014679,0.7616836428642273
"stopped working and deleted everything after a week, pretty poor i'd say",negative,negative,0.9558046460151672,0.9558046460151672,0.037038106471300125,0.007157300598919392
"a couple days ago, started telling me it can't attatch the emoji to my texts, that just stinks! i have a galaxys <number>",negative,negative,0.8535064458847046,0.8535064458847046,0.13044722378253937,0.016046296805143356
overall very useful app. i only don't like the fact that also sold-out hotels are shown. can be quite frustrating.,positive,positive,0.7673074007034302,0.00850494485348463,0.22418764233589172,0.7673074007034302
works well. it could have been better if approximate dates were allowed in search form.,positive,positive,0.6890771389007568,0.008167676627635956,0.3027551770210266,0.6890771389007568
still not as good as it could be!,neutral,neutral,0.7631285786628723,0.08552735298871994,0.7631285786628723,0.15134406089782715
for more information about this review go to <url>,negative,neutral,0.5780616998672485,0.09949903190135956,0.5780616998672485,0.3224392235279083
its been <number> years im using uc browser i gave a feedback that in uc browser we can't download videos directly to sd <url> have given a feedback about this past <number> years back but still uc team have not sloved my <url> service i request google team to please remove this uc browser from google <url> dnt need this kind of careless team ..,negative,negative,0.9541258811950684,0.9541258811950684,0.03793682903051376,0.007937335409224033
awesome app to find any <url> it,positive,positive,0.8960906863212585,0.014362514950335026,0.08954676985740662,0.8960906863212585
ok permissions fix. i've updated and given back two of the four stars i'd dropped.,neutral,neutral,0.8099363446235657,0.07385323941707611,0.8099363446235657,0.11621043086051941
i love the idea but can we get a weekly forest too?? that would be quite motivating!,neutral,positive,0.8197067379951477,0.009678402915596962,0.17061488330364227,0.8197067379951477
it's very good for edit photos and make photos and make a design of any things,positive,positive,0.9266232252120972,0.007578703574836254,0.0657980889081955,0.9266232252120972
"i really love the lightroom software for laptops and other devices, but i don't find the app really convincing when compared to the software as you just miss so many options in the app",neutral,positive,0.5897294878959656,0.020948978140950203,0.38932153582572937,0.5897294878959656
"latest version is <number> . <number> . <number> , last updated on <number> th september <number> . uninstalled as abandoned. desktop is already at <number> . <number> .",negative,negative,0.9601287245750427,0.9601287245750427,0.030828038230538368,0.009043359197676182
just click the back button and my tree will still <url> and i don't think i have the whitelist edit- i think your tree only dies when you open another app that isn't on your whitelist or else the list is <url> am i wrong?,positive,negative,0.6669275760650635,0.6669275760650635,0.29291149973869324,0.040160905569791794
adobe products are awsome,positive,neutral,0.6225639581680298,0.21440385282039642,0.6225639581680298,0.1630321741104126
latest update fails to install with 'unknown reason - <number> ',neutral,negative,0.9115399718284607,0.9115399718284607,0.07592103630304337,0.012538952752947807
"the app syncs messages too slowly and marking messages as ""read"" is buggy.",neutral,neutral,0.8316023349761963,0.05764509364962578,0.8316023349761963,0.1107526570558548
"great service, terrible app. the app doesn't seem work with mobile internet which makes it mostly useless.",negative,negative,0.9684107303619385,0.9684107303619385,0.02298540621995926,0.008603896014392376
now <number> % harder to use,negative,negative,0.8581692576408386,0.8581692576408386,0.12015621364116669,0.021674491465091705
marginal but still better than others i have tried.,neutral,neutral,0.67364901304245,0.028698358684778214,0.67364901304245,0.2976526618003845
the app doesn't provide multiple tabs at a time. it would be great if its possible.,positive,neutral,0.6419468522071838,0.01829991675913334,0.6419468522071838,0.33975324034690857
good app and uesfull,negative,positive,0.7877678275108337,0.015818363055586815,0.1964138150215149,0.7877678275108337
only hate the <url>,positive,negative,0.5847349166870117,0.5847349166870117,0.2606068253517151,0.1546582281589508
"i was using it every day and i think it was brilliant, even upgraded to paid version but since last update i haven't been able to access it at all as it keeps crashing. please fix it.",neutral,negative,0.4705689251422882,0.4705689251422882,0.45957744121551514,0.06985370069742203
wont work for saml integration,neutral,negative,0.9667811393737793,0.9667811393737793,0.02709602750837803,0.006122899241745472
good but ads are annoying,neutral,neutral,0.6712895631790161,0.016358260065317154,0.6712895631790161,0.3123522102832794
"app works fine, but it is very disappointing that there is no possibility to just use the map to find available accommodation. you always have to fill a place to search, but mostly i just want to browse and see what's available, regardless of the location.",neutral,neutral,0.6356287002563477,0.013757040724158287,0.6356287002563477,0.3506143391132355
worst app and if it is install u r phone become a virus attack,negative,negative,0.9700920581817627,0.9700920581817627,0.022012993693351746,0.00789505522698164
not what i'd expect from the creators,neutral,negative,0.6681859493255615,0.6681859493255615,0.31205788254737854,0.019756155088543892
"won't leave my facebook, like a <url>",negative,negative,0.9645070433616638,0.9645070433616638,0.028668979182839394,0.006823924835771322
ads is an inconvenient thing so far,positive,neutral,0.6078047752380371,0.3572148382663727,0.6078047752380371,0.03498033434152603
"i like the interface , it's really good. for me, i feel it would be nice to have a look up option when we right-click on words . it's functionality is to link up words to our dictionary apps. <signature>",positive,positive,0.904511034488678,0.00732002966105938,0.08816897869110107,0.904511034488678
good but many <url>,positive,neutral,0.5555371046066284,0.018773401156067848,0.5555371046066284,0.42568954825401306
requires photos to be imported into lightroom. i know this has how the desktop version but wish the mobile version was faster and easier to use.,neutral,neutral,0.7666570544242859,0.02737453579902649,0.7666570544242859,0.20596835017204285
miss tabs to move between open docs. otherwise is fab.,positive,neutral,0.8023589253425598,0.05643891915678978,0.8023589253425598,0.14120221138000488
"they stole from me i wanted a refund and because the manager of the hotel i chose treated me indifferently all because i wasn't <number> and so i emailed their "" <number> hour customer service"" and never got helped. lost $ <number> . don't use this app it is a trap.",negative,negative,0.9678902626037598,0.9678902626037598,0.024245526641607285,0.007864176295697689
my ag fans love the photos i do,positive,positive,0.8949396014213562,0.02470208704471588,0.08035837113857269,0.8949396014213562
this app would be perfectly awesome if it worked with the keyboard on my tablet so that i could use it in facebook when i <url> without white backgrounds,neutral,positive,0.7252528667449951,0.011247250251471996,0.2634999454021454,0.7252528667449951
"why my friends can retract or delete their messages, while i can't? i don't know what bb phone or android they have.",neutral,neutral,0.6713618040084839,0.23595766723155975,0.6713618040084839,0.09268046915531158
it sucks non free things to choose from,negative,negative,0.9546465277671814,0.9546465277671814,0.03590429201722145,0.009449157863855362
this is very good app for downloading,positive,positive,0.8738112449645996,0.009975701570510864,0.11621309071779251,0.8738112449645996
not accurate information all the time,neutral,neutral,0.7180696725845337,0.22160165011882782,0.7180696725845337,0.06032860651612282
cannot show my reserved bookings,negative,neutral,0.7690240144729614,0.15368013083934784,0.7690240144729614,0.07729577273130417
i love this app,positive,neutral,0.34232720732688904,0.33375248312950134,0.34232720732688904,0.32392027974128723
my company forces me to use this app.,neutral,negative,0.9627457857131958,0.9627457857131958,0.028851669281721115,0.00840256828814745
it's hard to cancel a booking when <url> to use,neutral,neutral,0.7945444583892822,0.1324431449174881,0.7945444583892822,0.0730123519897461
won't open email attachments,negative,negative,0.9676978588104248,0.9676978588104248,0.026162849739193916,0.0061392467468976974
couldn't find a better suited search app. compliments to the team. trivago couldn't find these many options.,positive,negative,0.5386748313903809,0.5386748313903809,0.43494319915771484,0.0263819620013237
"simple to use, don't seem to be able to see complete booking information",positive,positive,0.5076940655708313,0.03578249737620354,0.45652344822883606,0.5076940655708313
absolutely one of the <signature>,positive,positive,0.9179244041442871,0.01830143854022026,0.06377416849136353,0.9179244041442871
i like the reading mode specially. but sometimes it crashes.,positive,neutral,0.5203240513801575,0.026652101427316666,0.5203240513801575,0.45302385091781616
sounds and digital mixer cansol,positive,positive,0.6773236989974976,0.05012974515557289,0.2725464999675751,0.6773236989974976
"lacks a lot of basic features such as bookmarks and ""goto page"". thinkoffice does a better job.",negative,neutral,0.8329046964645386,0.12320734560489655,0.8329046964645386,0.0438879132270813
much better than asana,positive,positive,0.5719197392463684,0.039627570658922195,0.3884526491165161,0.5719197392463684
better on my windows phone,negative,neutral,0.5916651487350464,0.0691169872879982,0.5916651487350464,0.3392179310321808
it's good but always show on screen when i switch on my home screen,neutral,neutral,0.5131511688232422,0.010313221253454685,0.5131511688232422,0.4765355885028839
this app is my go to when i need to know about the weather.,positive,positive,0.9257807731628418,0.01180253829807043,0.06241670623421669,0.9257807731628418
"okay but not great, and not really improving",neutral,neutral,0.8388466238975525,0.031650032848119736,0.8388466238975525,0.1295032799243927
it should have pause option,neutral,neutral,0.691704273223877,0.06138685345649719,0.691704273223877,0.24690891802310944
"all is good in this app except i couldn't see any hdr option while clicking photos, may be since i use oneplus one, which also has high processing power and advanced chipset enough to support this app. so they should support many more devices like this! hope the support arrives in next update itself.",neutral,neutral,0.6025756001472473,0.014119173400104046,0.6025756001472473,0.38330522179603577
"professional app , useful for office purpose , easily connect to office by mobile but too much heavy unable to send messages on slow network.",positive,positive,0.9135304093360901,0.010219118557870388,0.07625050842761993,0.9135304093360901
update is not starting after clicking on update button,negative,negative,0.5704444050788879,0.5704444050788879,0.38036394119262695,0.04919169098138809
hate it since the update,negative,negative,0.9531897902488708,0.9531897902488708,0.03843943029642105,0.008370677009224892
tired of getting ripped off.,negative,neutral,0.5391898155212402,0.40620437264442444,0.5391898155212402,0.05460582301020622
had to sleep in the truck!,negative,negative,0.894320011138916,0.894320011138916,0.09234517067670822,0.013334805145859718
radar stopped working. i would've given <number> star rating if it worked.,negative,negative,0.9275080561637878,0.9275080561637878,0.0594884417951107,0.013003530912101269
worst experience in goa,negative,negative,0.9686847925186157,0.9686847925186157,0.0233872402459383,0.007927929982542992
like it because it syncs better,positive,positive,0.7835572957992554,0.012529732659459114,0.20391294360160828,0.7835572957992554
i can connect to my friends.,positive,positive,0.918278157711029,0.01280997134745121,0.0689118430018425,0.918278157711029
i love this app,negative,neutral,0.34232720732688904,0.33375248312950134,0.34232720732688904,0.32392027974128723
fantastic app for downloading and easy to use,positive,positive,0.9285657405853271,0.009921353310346603,0.061512935906648636,0.9285657405853271
"unable to change alert sound. not in options. unable to enable alerts per channel, on all or keywords and direct. closer to a beta than an app.",negative,negative,0.7531861662864685,0.7531861662864685,0.23102502524852753,0.015788814052939415
so much fun! makes people laugh.,positive,positive,0.9150819182395935,0.011610024608671665,0.073308065533638,0.9150819182395935
similar to all other photo editing apps. doesn't stand out from ythe rest.,neutral,neutral,0.7462118864059448,0.1918325126171112,0.7462118864059448,0.061955682933330536
the quality of display picture is so bad,neutral,negative,0.7083988785743713,0.7083988785743713,0.2668929100036621,0.024708198383450508
this app is very fast,neutral,positive,0.8576856255531311,0.013853456825017929,0.12846094369888306,0.8576856255531311
dear friends do not install this browser. this browser is pathrtic <url> will ads and ads on this .really annoying,negative,negative,0.8708943128585815,0.8708943128585815,0.11497267335653305,0.014133090153336525
please fix so i can type!,negative,neutral,0.6497108936309814,0.06310141831636429,0.6497108936309814,0.28718775510787964
able to provide sufficent info regarding hotel that want to be rent,positive,positive,0.7689431309700012,0.018755249679088593,0.21230167150497437,0.7689431309700012
they make you pay to create an account!! this is outrageous.,negative,negative,0.9649133086204529,0.9649133086204529,0.02592455968260765,0.009162104688584805
"it's a great concept for assosiating a reward to focus for those of us who struggle; however, my tree withers when someone phones me and i don't answer which is obviously a piss off.",positive,neutral,0.5751135945320129,0.04154687747359276,0.5751135945320129,0.3833394944667816
really a very good app,positive,positive,0.8965766429901123,0.011622298508882523,0.09180105477571487,0.8965766429901123
awesome app! it will be better if you sync all your timers on your phones and chrome/mozilla extension. because i have to start to plant on my <number> phones and my browers when i'm working when you can do it just once and all your timers will start automatically. i hope you do it!,positive,positive,0.9092848896980286,0.01033315621316433,0.08038198202848434,0.9092848896980286
this app is very nice,positive,positive,0.819891631603241,0.010767706669867039,0.16934068500995636,0.819891631603241
"this app is super cute! my only complaint is that there is no piercing section! i have <number> piercings and would really like to at least have a nose ring! or maybe earrings? also think you should be able to customize outfits, like pick a shirt, bottoms, and shoes! instead of just the premade outfits.",positive,positive,0.8904666304588318,0.008026733063161373,0.10150666534900665,0.8904666304588318
"app is okay but has superfluous things that i will never use. including every option is okay but the ideal app would allow for complete customization of components and page information that is pertinent to the user and where they are located. additionally, collecting metrics on what users actually use versus what is weak allows for improved development of the weaker app areas. that said, i have used this app for a long time with little cause for complaint.",neutral,positive,0.5655710697174072,0.011567235924303532,0.42286163568496704,0.5655710697174072
could you please add an option for exporting photos using the png format? it would be very handy.,neutral,positive,0.779754638671875,0.008660387247800827,0.21158501505851746,0.779754638671875
i like the reflow feature. but useless for me as i can't search nor skip to a specific page (have to scroll through entire books),negative,neutral,0.6872031688690186,0.02707008086144924,0.6872031688690186,0.2857268154621124
"simple yet effective. would be great if the app had more customisation options like moving the plants around, changing the colour etc.",positive,positive,0.8688275218009949,0.00704603735357523,0.1241263821721077,0.8688275218009949
uc brouser is <signature>,positive,positive,0.47629663348197937,0.15173497796058655,0.3719683587551117,0.47629663348197937
not starting since last update. please see to it. i gave <number> star so you can quickly check my issue. my phone is note <number> neo n <number>,positive,neutral,0.6956365704536438,0.1241636872291565,0.6956365704536438,0.18019965291023254
doesn't work properly on nova launcher,neutral,negative,0.9598966836929321,0.9598966836929321,0.03359569236636162,0.0065076458267867565
"useful, informative and helpful <signature>",positive,positive,0.9277191162109375,0.012892005033791065,0.059388868510723114,0.9277191162109375
still no floating head!! disappointed,negative,negative,0.46863606572151184,0.46863606572151184,0.4171261489391327,0.11423779278993607
this app sucks now,negative,negative,0.9692246317863464,0.9692246317863464,0.02260557934641838,0.00816977210342884
it can't find my photos,negative,negative,0.8901225328445435,0.8901225328445435,0.09870214760303497,0.01117534190416336
what happened to my little shortcut!? or used to stay open in all my messaging <url> now it's gone!!,negative,negative,0.8510112166404724,0.8510112166404724,0.12572787702083588,0.023260891437530518
stable and functional but not totally user friendly.,neutral,neutral,0.5709919929504395,0.014850717037916183,0.5709919929504395,0.41415730118751526
this is good <url>  downloading movies but many. ads are come in between browsing,neutral,neutral,0.6678458452224731,0.025744682177901268,0.6678458452224731,0.3064095079898834
i don't like the company not the app,negative,negative,0.5172990560531616,0.5172990560531616,0.43154439330101013,0.05115659162402153
"great app but would love to have better clothing styles. maybe peacoats, pencil skirts etc. <signature>",positive,positive,0.9165436625480652,0.009019450284540653,0.07443693280220032,0.9165436625480652
radar map will not move. it hasn't been accurate either.,negative,negative,0.9422622919082642,0.9422622919082642,0.04823554307222366,0.009502165019512177
"simplistic, designed to exceed expectations and overcome limitations.",positive,positive,0.6425833106040955,0.02780880033969879,0.32960793375968933,0.6425833106040955
<url> sometimes it's gone <url> hate slow,neutral,neutral,0.6097469329833984,0.22532886266708374,0.6097469329833984,0.16492420434951782
"i would use it more but i dont like that it has to start a new message, would be better if it would just add to the convo on the screen",neutral,neutral,0.6707211136817932,0.016633031889796257,0.6707211136817932,0.312645822763443
very bad app. it is forcing to instal. i think it is a virus.,negative,negative,0.97018963098526,0.97018963098526,0.022320734336972237,0.007489676121622324
better if no trial period and unlimited use for free,positive,positive,0.6504778861999512,0.01827137917280197,0.33125078678131104,0.6504778861999512
great but needs presets access,neutral,positive,0.8578658699989319,0.010794905945658684,0.1313391923904419,0.8578658699989319
each time it simply keeps saying that my phone has <url> disgusting,negative,negative,0.5824054479598999,0.5824054479598999,0.3682296872138977,0.04936489090323448
keeps documents in line. i really like this application!,positive,positive,0.8916490077972412,0.01586168259382248,0.0924893468618393,0.8916490077972412
anyone video download stop and very slow download,negative,negative,0.7021355032920837,0.7021355032920837,0.2737167775630951,0.024147743359208107
used to work but no longer does. writing this review while my is growing :/,neutral,negative,0.6906483173370361,0.6906483173370361,0.2767446041107178,0.0326070636510849
limited options but fun,neutral,neutral,0.5823963284492493,0.016952740028500557,0.5823963284492493,0.4006509482860565
would give better but have'nt used much yet,negative,neutral,0.6484886407852173,0.018647029995918274,0.6484886407852173,0.33286434412002563
"app ok, but temp doesn't update in notification bar",neutral,neutral,0.8723503947257996,0.032455604523420334,0.8723503947257996,0.09519404172897339
no way to redeem tickets.,neutral,negative,0.9674948453903198,0.9674948453903198,0.02595338597893715,0.006551796570420265
"silly app , it would let me open google while it will kill the plant if i open calculator or dictionary",negative,negative,0.8797011971473694,0.8797011971473694,0.10428678244352341,0.01601201668381691
"wow, such a pos!",negative,positive,0.8441476225852966,0.02621939592063427,0.12963299453258514,0.8441476225852966
is a great app but since the update a couple of days ago i can't get radar to work. tried uninstalling and reinstalling but doesn't work.,positive,neutral,0.7976760864257812,0.05981168895959854,0.7976760864257812,0.142512246966362
"i hate start up with system, i don't use it frequently",negative,negative,0.9058870077133179,0.9058870077133179,0.08328265696763992,0.010830308310687542
push notifications not working,negative,negative,0.6062416434288025,0.6062416434288025,0.35276952385902405,0.04098886251449585
good combination with acrobat reader. it's quite clear,positive,positive,0.8898810744285583,0.0071661267429590225,0.10295285284519196,0.8898810744285583
nice. update it to be more digital. very clear,positive,positive,0.8656700849533081,0.009141135029494762,0.12518873810768127,0.8656700849533081
nice but sometimes hanging,positive,positive,0.716189980506897,0.0098130377009511,0.2739969789981842,0.716189980506897
still getting to know it,positive,neutral,0.6817326545715332,0.11662741005420685,0.6817326545715332,0.20163995027542114
i use it for reading articles and it's fine. would be useful to be able to open two articles at once for cross reference but otherwise happy with the app,positive,positive,0.9078097939491272,0.007632540538907051,0.08455769717693329,0.9078097939491272
its better than others,neutral,neutral,0.5267419219017029,0.020286163315176964,0.5267419219017029,0.4529719054698944
does not work. in play store not listed as trial .come on adobe you stop down loads from your services now products do not work and listed as free we hen really a trial,negative,negative,0.9706218242645264,0.9706218242645264,0.022245081141591072,0.007133094128221273
almost a good editor,positive,positive,0.764428973197937,0.013125717639923096,0.22244535386562347,0.764428973197937
not able to download new <url>,neutral,negative,0.9297642111778259,0.9297642111778259,0.062436580657958984,0.007799217943102121
"so i create a pdf using an adobe program, then send it to my phone to see what it looks like, but it won't open! pretty lame if you ask me.",negative,neutral,0.4868552088737488,0.4653592109680176,0.4868552088737488,0.04778558760881424
sometime can't change display picture at asus zenfone <number> . please fix,negative,neutral,0.7360047101974487,0.0795019268989563,0.7360047101974487,0.18449334800243378
really nice concept but on android it just keeps hanging and eventually crashing.,negative,neutral,0.7289124131202698,0.09636202454566956,0.7289124131202698,0.17472553253173828
doesn't work on my phone. always error,negative,negative,0.9615287780761719,0.9615287780761719,0.03269340470433235,0.0057777645997703075
slackbot opens every time i start to type a reply in the app. started happening with the last update (note <number> ). why can't we disable slackbot? <number> star until we get this ability.,negative,negative,0.6812498569488525,0.6812498569488525,0.2708166241645813,0.047933533787727356
"complex app that covers all sorts of things related to travelling, maybe too many",positive,positive,0.9168030023574829,0.012157573364675045,0.07103943079710007,0.9168030023574829
great and more awesome,positive,positive,0.8895004391670227,0.03445292264223099,0.07604669034481049,0.8895004391670227
not what i asked for,negative,negative,0.8264160752296448,0.8264160752296448,0.15821132063865662,0.015372582711279392
i wish you would show canadian maps,neutral,positive,0.576382040977478,0.026987368240952492,0.39663058519363403,0.576382040977478
you don't allow to take in-app screenshots?,neutral,negative,0.8789814710617065,0.8789814710617065,0.10881242901086807,0.012206113897264004
how about date birth,negative,neutral,0.5925316214561462,0.1109950914978981,0.5925316214561462,0.29647332429885864
"works great, other then not being able to delete content directly from phone.",neutral,positive,0.7551472783088684,0.01421180460602045,0.2306409478187561,0.7551472783088684
can't copy/paste or add keyboard to android,negative,neutral,0.7796604633331299,0.14778311550617218,0.7796604633331299,0.07255642116069794
can't even create a account tried more than <number> times,negative,negative,0.9689399003982544,0.9689399003982544,0.02472955733537674,0.006330618169158697
fast and good but missing features.,neutral,positive,0.7749688029289246,0.010471966117620468,0.21455924212932587,0.7749688029289246
cannot get rid of floating head in my messages and it's driving me mad. i've had to uninstall the app to get rid of it &gt;:-/,negative,negative,0.8939307928085327,0.8939307928085327,0.09800805151462555,0.008061232976615429
"love this app. i use it to study, but i answered a phone call and it wilted my tree. i can't really help when i receive phone calls. this one had to be answered and now i have to look at a wilted tree in my beautiful forest. i am upsetti spaghetti since i'm a perfectionist",positive,positive,0.818047285079956,0.03388027101755142,0.14807245135307312,0.818047285079956
this app is slowly work,neutral,neutral,0.4693131744861603,0.39410287141799927,0.4693131744861603,0.13658398389816284
no instructions on how to delete files/pages viewed.,neutral,neutral,0.5909870266914368,0.37621018290519714,0.5909870266914368,0.032802753150463104
it helps a lot.,positive,positive,0.8080805540084839,0.013292762450873852,0.1786266714334488,0.8080805540084839
"need to improve performance, usablity, and <url>",neutral,neutral,0.5533769726753235,0.037562206387519836,0.5533769726753235,0.40906086564064026
multiple image share option is missing,neutral,neutral,0.6668814420700073,0.04041381925344467,0.6668814420700073,0.292704701423645
"i like the functions, but",neutral,neutral,0.5435405969619751,0.014339115470647812,0.5435405969619751,0.44212034344673157
why don't you just block us all?! =d =d =d,negative,negative,0.6164836883544922,0.6164836883544922,0.3125017285346985,0.07101457566022873
easy to find hotel,neutral,positive,0.8636957406997681,0.011333075352013111,0.12497115880250931,0.8636957406997681
"if unexpected crashes negleted, it is so far the <signature>",positive,positive,0.6727673411369324,0.019515613093972206,0.3077170252799988,0.6727673411369324
used to love it,negative,negative,0.8144721388816833,0.8144721388816833,0.16131410002708435,0.024213770404458046
"i love this app but with the latest update it died when i used a white listed app, and when i checked my whitelist i couldn't scroll through or change anything which was weird. plz fix this and add more trees!",positive,positive,0.7256375551223755,0.031240150332450867,0.24312227964401245,0.7256375551223755
very good mobile phone photo editor,positive,positive,0.9040644764900208,0.009014789015054703,0.08692074567079544,0.9040644764900208
keeps telling u to turn on the access then brings u to the settings page and even aft you check all the boxes doesnt take you back to the app. and continues to keep popping up disrupting phone usage. app doesnt work properly,negative,negative,0.9500215649604797,0.9500215649604797,0.043374862521886826,0.006603594403713942
app is faster but stucks mobile pleas fix it up,positive,neutral,0.7176708579063416,0.16275343298912048,0.7176708579063416,0.11957565695047379
"should have ""seen"" feature",neutral,neutral,0.7321267127990723,0.0760507583618164,0.7321267127990723,0.1918226033449173
"can not zoom in or out, plis fix",neutral,negative,0.6509507894515991,0.6509507894515991,0.32343000173568726,0.02561919577419758
nice idea and interface but finding friends doesn't work on android,neutral,neutral,0.7623224854469299,0.07307165861129761,0.7623224854469299,0.16460581123828888
white list is so frustrating!,negative,negative,0.584140956401825,0.584140956401825,0.3827955722808838,0.033063504844903946
need <url> saving to gallery issue adding photo issue,neutral,neutral,0.7182317972183228,0.14282561838626862,0.7182317972183228,0.13894249498844147
the live doppler doesn't work since i updated,negative,negative,0.6270546317100525,0.6270546317100525,0.3482963740825653,0.024649018421769142
very ugly and difficult to use platform. i do not suggest it. very bad,negative,negative,0.9683495759963989,0.9683495759963989,0.024366380646824837,0.007284030318260193
recent update be unstable and loading so late,neutral,neutral,0.5089544653892517,0.44789865612983704,0.5089544653892517,0.04314690828323364
would give <number> stars if you blocked the facebook messenger bubble as well,positive,positive,0.5458593964576721,0.0208903755992651,0.43325021862983704,0.5458593964576721
it's a good overall weather app. do miss the traffic cam.,positive,positive,0.7411894202232361,0.00810865219682455,0.250701904296875,0.7411894202232361
really hard to navigate.,neutral,negative,0.8872836828231812,0.8872836828231812,0.1021668091416359,0.0105495136231184
they don't refund difference if room is cheaper,negative,neutral,0.49676191806793213,0.4450224041938782,0.49676191806793213,0.058215755969285965
"works most of the time. freezes sometimes while trying to open a document, but just restart the app and it's good to go.",positive,positive,0.5368106961250305,0.020657841116189957,0.44253143668174744,0.5368106961250305
my friend show me it on tumbler it's amazing <signature>,positive,positive,0.9072912335395813,0.013631241396069527,0.07907748222351074,0.9072912335395813
would of gave it <number> stars if i could. i just figured out that this app was using <number> % of my battery life and i never even use the app. sucks really bad.,negative,negative,0.9592314958572388,0.9592314958572388,0.033721599727869034,0.007046849466860294
"you ruined the icon, we said ok. now you are ruining the background color too. stop changing, no one was complaining!",neutral,negative,0.64825439453125,0.64825439453125,0.2989577353000641,0.052787896245718
should have been a <number> star but why's the android version lacking local adjustments that the ios version has. i can understand that there may be delays among platforms but it's already <number> months behind!,neutral,neutral,0.7538129687309265,0.1165551170706749,0.7538129687309265,0.1296318769454956
nothing i want from this app,negative,negative,0.9580109119415283,0.9580109119415283,0.031170867383480072,0.010818163864314556
so great until today,negative,neutral,0.45505961775779724,0.11317840963602066,0.45505961775779724,0.43176203966140747
it would be nice if it had it on like whatsapp for android but you have to download another app to access that <url> yeah but it's good,positive,neutral,0.601641833782196,0.010210017673671246,0.601641833782196,0.38814815878868103
high quality images turns into low quality,neutral,neutral,0.5649343729019165,0.37208133935928345,0.5649343729019165,0.06298431754112244
"it doesnt work, the screen flashes on and off and it wont open",negative,negative,0.9673152565956116,0.9673152565956116,0.026096148416399956,0.006588601041585207
no retract in options,neutral,neutral,0.8085792064666748,0.09223923832178116,0.8085792064666748,0.09918157011270523
last position read somewhat flawed,neutral,neutral,0.6891965866088867,0.09910598397254944,0.6891965866088867,0.21169744431972504
get <number> days free trial. nice. to try it i need to be able to access photos that store to my sd card. i do that so i have room on my phones internal drive. waste of time,negative,neutral,0.6941516399383545,0.08872514963150024,0.6941516399383545,0.21712322533130646
does not support to open pwd protected document,neutral,negative,0.8979302644729614,0.8979302644729614,0.09248562157154083,0.009584103710949421
got rid of the irc gateway. this was why we used slack. uninstalled.,negative,negative,0.9673954248428345,0.9673954248428345,0.025618208572268486,0.0069863987155258656
more theme and customization <url>,positive,positive,0.8469019532203674,0.026931190863251686,0.12616683542728424,0.8469019532203674
some items don't work!,neutral,neutral,0.7237914204597473,0.1909574419260025,0.7237914204597473,0.08525114506483078
map animation still has bug.,negative,neutral,0.7219322919845581,0.106810063123703,0.7219322919845581,0.1712576299905777
"ignores some files, loads a few others",neutral,negative,0.5986027121543884,0.5986027121543884,0.37696489691734314,0.02443229965865612
it's not as good as it used to be,neutral,neutral,0.6902461051940918,0.23112213611602783,0.6902461051940918,0.07863178849220276
"good, but needs things",positive,neutral,0.5215479731559753,0.012998935766518116,0.5215479731559753,0.46545302867889404
not working properly on samsung galaxy a <number> .,negative,negative,0.9612913727760315,0.9612913727760315,0.03228946030139923,0.006419095676392317
views pdfs better then stock app but it doesn't see pdf's on sd card,negative,neutral,0.7942200899124146,0.13653217256069183,0.7942200899124146,0.06924780458211899
no way to get rid of ads on terrible screen layout.,negative,negative,0.9528643488883972,0.9528643488883972,0.04054901748895645,0.006586696486920118
required an account. i want an app to edit pictures on my phone. the online storage and synchronization should be an optional feature; not a requirement.,negative,neutral,0.810490608215332,0.09714924544095993,0.810490608215332,0.09236013144254684
ok with local weather love the thunder part of the app,positive,positive,0.589480459690094,0.016589900478720665,0.3939296305179596,0.589480459690094
trivago the tru app,neutral,neutral,0.4962712526321411,0.25451165437698364,0.4962712526321411,0.24921701848506927
add a floating notification,positive,neutral,0.5832701921463013,0.04818739369511604,0.5832701921463013,0.3685424327850342
why i can not share video on bbm group; too many update but no significant effect,negative,neutral,0.7937639951705933,0.11752425134181976,0.7937639951705933,0.08871174603700638
limited options for search,negative,neutral,0.8100415468215942,0.029087863862514496,0.8100415468215942,0.16087058186531067
good for messaging not for calls,neutral,neutral,0.7302393317222595,0.02905798889696598,0.7302393317222595,0.24070274829864502
"it's available when i need it and it's more accurate than other weather apps i've tried. update(jan <number> ) <url> recent california winter has been crazy, and frankly this app has let me down with inaccurate forecasts for most of it. comparatively, the google now app is more accurate. maybe the sensors in my area are just bad. when it's fixed, i revisit my review.",neutral,neutral,0.5549094080924988,0.021749919280409813,0.5549094080924988,0.4233406186103821
you could add a bit more features. birthmarks scars moles etc,positive,positive,0.7374507188796997,0.010854160413146019,0.2516951262950897,0.7374507188796997
i am using it before <number> years,positive,neutral,0.4397016167640686,0.1611534059047699,0.4397016167640686,0.3991449475288391
like many sites if you visit a chosen hotel more than once or twice the price rises!,neutral,positive,0.7410510182380676,0.01922142691910267,0.23972751200199127,0.7410510182380676
amazing experience so far with this. iam being familiar with it.,positive,positive,0.9180948734283447,0.012906690128147602,0.06899847835302353,0.9180948734283447
doesn't save properly half the time and definitely could use some more filters.,negative,neutral,0.6413972973823547,0.3319699466228485,0.6413972973823547,0.026632731780409813
why is the iphone app so much better!,negative,negative,0.5066876411437988,0.5066876411437988,0.4341675937175751,0.059144794940948486
"browser not opening sites, it just ideal.",negative,neutral,0.5914350152015686,0.026727382093667984,0.5914350152015686,0.3818376064300537
"continuous crashing, won't even open now.",negative,negative,0.9631117582321167,0.9631117582321167,0.02839253656566143,0.008495718240737915
they forced me to rate them so i docked a star.,neutral,negative,0.958913266658783,0.958913266658783,0.03368360921740532,0.007403126452118158
lame. doesnt work for samsung intercept,negative,negative,0.9556686282157898,0.9556686282157898,0.037464506924152374,0.006866748910397291
of mice and man,negative,negative,0.6122495532035828,0.6122495532035828,0.29562467336654663,0.09212581068277359
only thing missing is custom notification,positive,positive,0.4972860515117645,0.03008093684911728,0.4726330041885376,0.4972860515117645
video cant open after click tha video,negative,negative,0.9266287684440613,0.9266287684440613,0.06533609330654144,0.008035165257751942
weather animation has stopped and will not start. has been off nearly <number> weeks.,negative,negative,0.9504162669181824,0.9504162669181824,0.041826166212558746,0.007757499814033508
"i just came here because this app was featured on silicon valley, looks like a great app with an attractive interface.",positive,positive,0.8850263357162476,0.012788341380655766,0.10218536108732224,0.8850263357162476
it's okay except for i have a lg phone and it doesn't work that well with the lg phone,positive,neutral,0.8847954869270325,0.030812127515673637,0.8847954869270325,0.08439236879348755
cannot open or detect image file imported from nikon <number> j <number> camera which has .jpeg <url> i had to convert it first or use another photo app editing and save <url> so lightroom could detect the file <url>,neutral,neutral,0.6725507378578186,0.29245463013648987,0.6725507378578186,0.03499465808272362
having trouble downloading the app,negative,negative,0.4938460886478424,0.4938460886478424,0.4766468107700348,0.02950715459883213
i can't sent it through my messages to my contacts. only through facebook and that is absolutely ridiculous. this app sucks,negative,negative,0.9672762155532837,0.9672762155532837,0.025429632514715195,0.007294187322258949
very quickly reservation done.,positive,positive,0.8484953045845032,0.027804668992757797,0.12370000034570694,0.8484953045845032
<salutation> please give setting to turn it off,negative,neutral,0.4630758464336395,0.11630314588546753,0.4630758464336395,0.42062097787857056
fantastic app to track lighting! the rest of the app is the same as any other really. but in fairness i do not use the rest of the app.,positive,positive,0.8591344952583313,0.010225632227957249,0.1306399255990982,0.8591344952583313
service is good but app is not much android oriented,neutral,neutral,0.8587068915367126,0.04367780312895775,0.8587068915367126,0.09761539101600647
this app is better,neutral,neutral,0.5805754661560059,0.21356220543384552,0.5805754661560059,0.205862358212471
the improvement are a lot better but it would be nice to be able to send large mp <number> or mp <number> files via bbm.,positive,neutral,0.5078518986701965,0.013815054669976234,0.5078518986701965,0.4783330261707306
viuggg hang with my life in your help me a lot and then you have any attachments may contain information contained herein including attachments if it would love the way i will have been sent me a new one day i was thinking about my life in your,positive,neutral,0.5515670776367188,0.04766784608364105,0.5515670776367188,0.4007650911808014
can't get to work for motorola droid,negative,negative,0.9526445865631104,0.9526445865631104,0.04087705537676811,0.006478324998170137
bad for the aap is hanging,neutral,negative,0.9119033217430115,0.9119033217430115,0.07426324486732483,0.013833440840244293
its really <url> though remove the trial days remaining,positive,neutral,0.5108469128608704,0.045097917318344116,0.5108469128608704,0.4440551698207855
horrible radar. constant storm alerts with no storms around,negative,negative,0.964828610420227,0.964828610420227,0.026266658678650856,0.0089047159999609
cool idea pain da butt to use then at times wont work <url>,negative,neutral,0.7467079162597656,0.16521908342838287,0.7467079162597656,0.0880730003118515
new update v <number> . <number> crashes all the time,positive,negative,0.8655061721801758,0.8655061721801758,0.1157105565071106,0.018783310428261757
"it's okay (at least, freebies now included) <url>",neutral,neutral,0.7254698872566223,0.019928772002458572,0.7254698872566223,0.25460144877433777
only <number> stars since it will not let me delete any files. please fix.,neutral,neutral,0.6305902004241943,0.12553580105304718,0.6305902004241943,0.2438739836215973
does what it is supposed to do and does it well.,positive,positive,0.8598413467407227,0.015529416501522064,0.12462924420833588,0.8598413467407227
"very useful, but has a few annoyances",positive,positive,0.7445919513702393,0.009334011934697628,0.24607405066490173,0.7445919513702393
can't download <url>,negative,negative,0.9075936079025269,0.9075936079025269,0.08519180864095688,0.007214591838419437
"generally a good pdf viewer. i love the reading mode that reflow text and adjust font for better reading experience. the only problem, or i should call it a bug, is that it seems like this mode hates to see <number> letters ""f"" & ""i"" being together. for words like ""find"", ""first"", ""prefix"", etc. you will see only ""nd"", ""rst"", ""prex"", etc.",positive,positive,0.8819219470024109,0.007913795299828053,0.11016426235437393,0.8819219470024109
no support for paid ad-free version,neutral,negative,0.9396036863327026,0.9396036863327026,0.051937468349933624,0.008458812721073627
i like this app,positive,positive,0.7025851607322693,0.049035996198654175,0.24837884306907654,0.7025851607322693
used to use it for studying but after reacent update it won't open. please fix,neutral,negative,0.7250658869743347,0.7250658869743347,0.2453760802745819,0.02955799736082554
last update is a disaster,negative,negative,0.9529219269752502,0.9529219269752502,0.03751853108406067,0.00955955684185028
would be better if emoji's didn't disappear when new ones are added,neutral,neutral,0.6202617883682251,0.01525633130222559,0.6202617883682251,0.3644818663597107
good for basic stuff,neutral,positive,0.5450477600097656,0.01227620430290699,0.44267603754997253,0.5450477600097656
fun but android needs more options!!,neutral,positive,0.7369091510772705,0.00990925170481205,0.2531816363334656,0.7369091510772705
"the usual mediocre bare bone pdf reader from adobe, totally lacking in functionality. repligo reader is better",negative,neutral,0.5961359739303589,0.3647785782814026,0.5961359739303589,0.03908542916178703
stays open in background,negative,neutral,0.6312162280082703,0.21314233541488647,0.6312162280082703,0.15564148128032684
it's actually helpful.,positive,positive,0.6074453592300415,0.010050893761217594,0.3825037181377411,0.6074453592300415
good enough and satisfied result <url> its quite good aap,neutral,positive,0.7718783020973206,0.010433964431285858,0.21768778562545776,0.7718783020973206
why songs are not downloading from the websites. there is always showing error. whenever i download some song. pls fix this bugg,neutral,neutral,0.6247313618659973,0.3218626081943512,0.6247313618659973,0.05340604484081268
booking is simple and straight forward.,positive,positive,0.6648040413856506,0.029245341196656227,0.3059506118297577,0.6648040413856506
"a really good and practical app, however like every other app it still has room for improvement!",positive,positive,0.8989442586898804,0.008596261031925678,0.09245948493480682,0.8989442586898804
excellent pdf viewer rendered unusable by the inability to jump to a page and by the fact that it doesn't remember where you were or bookmarks.,negative,neutral,0.5405451059341431,0.028940273448824883,0.5405451059341431,0.4305146038532257
good site but still faceing issue with hotel even we confirm through app,positive,neutral,0.5121851563453674,0.013594554737210274,0.5121851563453674,0.47422027587890625
it took forever to download,neutral,neutral,0.5578190088272095,0.3035738170146942,0.5578190088272095,0.13860711455345154
i've started using the lightroom camera to take all my photos in raw (dng) and i've noticed today that while out at <number> : <number> on <number> / <number> / <number> and taking pictures the time and date stamp on the images says <number> : <number> <number> / <number> / <number> . what's all that about? i can't change it so where does it get it's info from? also the preview does not show the correct colour. it does when using the slider but as soon as i let it go the image reverts back to a almost black and white.,neutral,neutral,0.736008882522583,0.1781146377325058,0.736008882522583,0.0858764499425888
it's cute for younger people but i use it some. i'm <number> yrs old.,positive,positive,0.8234304785728455,0.00970040075480938,0.1668691337108612,0.8234304785728455
"i had login throught google + <url> but i changed my mind and wanted to login through <url> so, i logged out !!! now, i cannot login back. the app is going back to registration page with the option to login to facebook !!! please look into the solution for this !",neutral,negative,0.9105775356292725,0.9105775356292725,0.07303305715322495,0.016389472410082817
please could we have the option to install to sd card. what is the point in having a large sd card if it doesn't even get used,negative,neutral,0.7268791198730469,0.04388358071446419,0.7268791198730469,0.22923728823661804
wont open at all,negative,negative,0.9634878635406494,0.9634878635406494,0.030274005606770515,0.006238074507564306
good stickers allow users to express better. how come i cannot use bbm calls?,neutral,positive,0.6813070774078369,0.010993175208568573,0.3076997399330139,0.6813070774078369
why pr have no radar????,negative,negative,0.5376622676849365,0.5376622676849365,0.3812045454978943,0.08113320171833038
before it can connect even the signal is weak now it needs more signal to connect,neutral,neutral,0.6333249807357788,0.2613174021244049,0.6333249807357788,0.10535762459039688
radar maps are all wrong,negative,negative,0.9120765328407288,0.9120765328407288,0.07622911036014557,0.011694329790771008
it is fast downloading app,positive,positive,0.8642814755439758,0.008885044604539871,0.12683343887329102,0.8642814755439758
make it a zoo or fish tank,positive,positive,0.674666166305542,0.05098525807261467,0.27434858679771423,0.674666166305542
waah!!! so nice app,positive,positive,0.8038080930709839,0.015111241489648819,0.181080624461174,0.8038080930709839
why pay that price for tablet use,negative,negative,0.8588133454322815,0.8588133454322815,0.11024056375026703,0.03094605728983879
good bit doesn't have the choices in search section for type of rooms such as not-smoking or soundproof ones or double-room etc.,positive,neutral,0.7662566304206848,0.01691753976047039,0.7662566304206848,0.21682588756084442
too slow at times,neutral,neutral,0.7563802599906921,0.0631936565041542,0.7563802599906921,0.18042606115341187
it's very easy to use and all types of format documents easily opened,positive,positive,0.9245209097862244,0.007874710485339165,0.06760439276695251,0.9245209097862244
can not sign in,negative,negative,0.9485359191894531,0.9485359191894531,0.04365460202097893,0.007809470873326063
it makes team communication highly open and accessible,positive,positive,0.933112621307373,0.010005387477576733,0.056881941854953766,0.933112621307373
when message is being sent it takes time to be received,neutral,neutral,0.7262239456176758,0.17308153212070465,0.7262239456176758,0.1006944477558136
pretty accurate for the most part i think,positive,positive,0.8999155759811401,0.007566472515463829,0.09251798689365387,0.8999155759811401
spark is about the only good thing,neutral,neutral,0.642151951789856,0.04487686976790428,0.642151951789856,0.31297117471694946
broke the upload photo feature,negative,negative,0.6491029858589172,0.6491029858589172,0.3086807429790497,0.04221625253558159
best app but suggest download stop,positive,positive,0.6574285626411438,0.014818141236901283,0.32775333523750305,0.6574285626411438
some hotels are a bit shady,neutral,neutral,0.7567625045776367,0.0962044894695282,0.7567625045776367,0.14703290164470673
its fun to see you're own emoji !,neutral,positive,0.6885331273078918,0.009940823540091515,0.3015260398387909,0.6885331273078918
its not so great as i expected it to be,neutral,neutral,0.8373442888259888,0.07474975287914276,0.8373442888259888,0.08790601789951324
keeps going down n the ads r anoying,negative,negative,0.6086229681968689,0.6086229681968689,0.35825419425964355,0.03312284126877785
it was good enough until i can't change my display picture,negative,neutral,0.7286609411239624,0.021479662507772446,0.7286609411239624,0.24985934793949127
it's a trial. editing feature not impressive.,positive,neutral,0.6384176015853882,0.25558578968048096,0.6384176015853882,0.10599654167890549
love it <url> great job <url>,neutral,positive,0.5321768522262573,0.16711215674877167,0.3007110357284546,0.5321768522262573
used to be good,negative,negative,0.778464138507843,0.778464138507843,0.19354262948036194,0.027993228286504745
very good and useful app,positive,positive,0.9247419834136963,0.01486895140260458,0.060389090329408646,0.9247419834136963
"the app will no longer let me delete locations. uninstalled, and reinstalled and they are still there. frustrating.",neutral,negative,0.948573887348175,0.948573887348175,0.04405548796057701,0.007370597217231989
"buggy, ambigue and less features",negative,neutral,0.7731119394302368,0.08503104001283646,0.7731119394302368,0.14185690879821777
"this has helped my productivity a lot. i've only recently started experiencing issues with it. before, the app used to count extra time i went without using my phone even after the <number> min mark. it was really gratifying to see how much longer i was able to last + it contributed to my forest and my overall focus count. but now it isn't doing that? so it kind of discourages me from continuing to work past the sound of the timer even if i feel like i could. if it's possible, please do something about that.",neutral,neutral,0.7581505179405212,0.026025960221886635,0.7581505179405212,0.2158234715461731
"zooming slow, okay otherwise",neutral,neutral,0.8311623930931091,0.022169245406985283,0.8311623930931091,0.14666832983493805
"fix zoom in attached images! it doesn't work first <number> seconds the image open, and for gif it doesn't work at all. and is that tat hard to add rotation you've ""planned to add"" a year ago? where's a font size setting or guesture scale sor chat?",neutral,neutral,0.6188541054725647,0.3367363512516022,0.6188541054725647,0.044409506022930145
when will the local adjustments tool be disponible for android users?? hope it's included on the next actualization !!,positive,positive,0.6756597757339478,0.014435805380344391,0.3099043667316437,0.6756597757339478
just started using it !,positive,negative,0.5270257592201233,0.5270257592201233,0.3647325932979584,0.10824166983366013
so cute. wish it were easier to access via other apps,positive,positive,0.7631499171257019,0.010767661035060883,0.2260824292898178,0.7631499171257019
really like the way this app has evolved from it's first version. please add android wear notification service asap. its really easy to add and people are badly missing it.,positive,positive,0.9087314605712891,0.00917863566428423,0.08208991587162018,0.9087314605712891
"good on mobile devices ,simply good on move",positive,positive,0.6762486696243286,0.010059243999421597,0.3136920630931854,0.6762486696243286
need to avoid unwanted ads and also enhance the downloading speed. overall nice app.,positive,positive,0.874052882194519,0.007283828686922789,0.11866330355405807,0.874052882194519
"i really like this app and is what i go to when i start loosing concentration. i wish there were more stats and plant types, also more beautifully animated and things that change <url>",positive,positive,0.9293427467346191,0.01077874843031168,0.05987852066755295,0.9293427467346191
was <url> now radar broken,negative,negative,0.8992834091186523,0.8992834091186523,0.07587280124425888,0.02484380640089512
booking bait and switch,negative,negative,0.9139746427536011,0.9139746427536011,0.06711457669734955,0.01891089603304863
this seems like it would be cool,negative,neutral,0.6984094977378845,0.014982717111706734,0.6984094977378845,0.2866078019142151
cannot see my photo's on device,negative,neutral,0.5030329823493958,0.47369828820228577,0.5030329823493958,0.023268748074769974
so far so good!! i love it.,positive,positive,0.8565357327461243,0.0372389517724514,0.10622523725032806,0.8565357327461243
"such an intrusive browser, coming from china. it can't be trusted with your online activities. indians, be aware.",negative,negative,0.9147993922233582,0.9147993922233582,0.07529189437627792,0.00990869291126728
hi i download this app he is the very good app,positive,positive,0.7963769435882568,0.030968183651566505,0.17265485227108002,0.7963769435882568
where is the download process,positive,neutral,0.662071168422699,0.14335830509662628,0.662071168422699,0.19457051157951355
brill so easy to use,positive,positive,0.850693941116333,0.010295752435922623,0.13901033997535706,0.850693941116333
the app isn't working on the note <number> . i'll update my review if/when it works.,negative,negative,0.7247005701065063,0.7247005701065063,0.2561262845993042,0.019173122942447662
"""you have cancelled your entire <url> ""???",negative,negative,0.9388360381126404,0.9388360381126404,0.04817193001508713,0.012991947121918201
it good for local german reports nearly as good as <url>,positive,positive,0.54356849193573,0.012655281461775303,0.4437761902809143,0.54356849193573
does what i need it to,neutral,positive,0.8455767035484314,0.01749326102435589,0.13693001866340637,0.8455767035484314
it's good for communication,neutral,positive,0.702860414981842,0.009381947107613087,0.2877576947212219,0.702860414981842
it sometimes sends the wrong <url>,neutral,neutral,0.6080326437950134,0.2865559160709381,0.6080326437950134,0.10541140288114548
please add the feature of sharpen and blur,neutral,positive,0.7269490361213684,0.012777877040207386,0.2602730393409729,0.7269490361213684
notifications aren't working???,positive,negative,0.4869733154773712,0.4869733154773712,0.44446930289268494,0.06855732202529907
lag while zoom in/out,positive,neutral,0.7039299607276917,0.14023378491401672,0.7039299607276917,0.15583625435829163
had some slowness issues?,positive,neutral,0.6336422562599182,0.018901409581303596,0.6336422562599182,0.3474563658237457
awesome app one of the <signature>,positive,positive,0.9063511490821838,0.018782710656523705,0.07486608624458313,0.9063511490821838
it does great and gives accurate weather information,positive,positive,0.9261645674705505,0.010016991756856441,0.06381836533546448,0.9261645674705505
bogus . there are several aps much useful,negative,neutral,0.5365213751792908,0.41444703936576843,0.5365213751792908,0.04903155937790871
'no notifications' doesn't work.,negative,negative,0.7269584536552429,0.7269584536552429,0.24581792950630188,0.027223624289035797
great app for managing hotel reservations on the go. it's also nice to earn rewards for frequent stays. i think this is the <signature>,positive,positive,0.9349675178527832,0.008275113068521023,0.05675739422440529,0.9349675178527832
app keeps crashing. unable to open after latest update.,positive,negative,0.9644560217857361,0.9644560217857361,0.02880675345659256,0.00673723965883255
always update but nothing improve,neutral,neutral,0.8155604004859924,0.050337038934230804,0.8155604004859924,0.1341024935245514
"great concept, poor implementation",neutral,neutral,0.4873613715171814,0.4620613157749176,0.4873613715171814,0.05057733878493309
contact picture not show.,negative,neutral,0.5951024889945984,0.347641259431839,0.5951024889945984,0.057256314903497696
canon cr <number> support please,neutral,neutral,0.502013623714447,0.13870450854301453,0.502013623714447,0.35928183794021606
this thing is a trap! it will take your money,negative,negative,0.9629434943199158,0.9629434943199158,0.027120131999254227,0.009936407208442688
"the icon re-design is a tremendous eye-sore more fit to be the face of a pharmaceutical firm, and they didnt put any extra effort into making the app on any of the platforms, leaving gaps in design. no dark mode, no voip, no collapsing the sidebar on ios or windows. i use it because my friends do.",negative,neutral,0.6712010502815247,0.16723226010799408,0.6712010502815247,0.1615666300058365
"just need an option to mute notifications (some of us work different timezones and like sleep), other than that it works pretty well!",positive,positive,0.5737637281417847,0.009027146734297276,0.41720911860466003,0.5737637281417847
good for net work download,positive,neutral,0.5425263047218323,0.015205911360681057,0.5425263047218323,0.4422678053379059
i want this feature,positive,positive,0.6290500164031982,0.049645546823740005,0.32130444049835205,0.6290500164031982
content rating: low maturity,positive,neutral,0.6853078007698059,0.23823830485343933,0.6853078007698059,0.07645390182733536
this application doesn't work in my handphone,negative,negative,0.9689788818359375,0.9689788818359375,0.023880749940872192,0.0071403710171580315
slack chat is good,positive,neutral,0.634659469127655,0.04275115579366684,0.634659469127655,0.32258936762809753
i find the user experience superior to other apps.,positive,positive,0.7336443066596985,0.017337873578071594,0.2490178495645523,0.7336443066596985
"great app, needs better ui on reviews",neutral,positive,0.8929566740989685,0.008805339224636555,0.09823799878358841,0.8929566740989685
great new camera in-app,positive,positive,0.8527418375015259,0.04199939966201782,0.10525877773761749,0.8527418375015259
would be <number> <url>,negative,neutral,0.5360331535339355,0.077348493039608,0.5360331535339355,0.38661831617355347
it's a good application,neutral,positive,0.7736043334007263,0.008479543961584568,0.2179161161184311,0.7736043334007263
"five star service, two star app",negative,positive,0.6698310971260071,0.10649511963129044,0.22367379069328308,0.6698310971260071
everytime my phone went on sleep it killed the tree and became completely pointless because i would've had to tap my phone every <number> seconds to keep it from locking and killing the tree.,negative,negative,0.9690632820129395,0.9690632820129395,0.023488536477088928,0.007448256015777588
bbm isnt the <signature>,neutral,neutral,0.6398053169250488,0.28049010038375854,0.6398053169250488,0.07970456779003143
can you please give a little speed more on download,neutral,positive,0.7634206414222717,0.013022204861044884,0.22355718910694122,0.7634206414222717
need support for .cr <number> format,positive,neutral,0.6679019927978516,0.06297089159488678,0.6679019927978516,0.2691270709037781
"unecessarily complicated and cumbersome. it's so difficult to create new workspaces and move people from one to another. if you don't have someone's email address memorized, good luck! this app has a long way to go to be truly useful every day. in addition to the above, notifications are a bit of a nightmare. i've missed out on a lot of critical messages because notifications just don't work when they need to. i've run out of room for feedback but i could go <url>",negative,neutral,0.7998504638671875,0.13363683223724365,0.7998504638671875,0.06651266664266586
i'm surprised hdr is not supported on the huawei nexus <number> p. i realize it is isn't as new as the pixels but it's still a pretty fast phone.,neutral,neutral,0.5439553260803223,0.017208248376846313,0.5439553260803223,0.4388364255428314
where is the bookmarks?,neutral,neutral,0.5026593208312988,0.4147290289402008,0.5026593208312988,0.08261163532733917
"love this app, developers have been brilliant at fixing bugs and the feedback system is great!",neutral,positive,0.8467357158660889,0.047324709594249725,0.1059396043419838,0.8467357158660889
i want to give this app <number> <url>,negative,negative,0.5767036080360413,0.5767036080360413,0.3108796179294586,0.1124168410897255
cant even sign in or sign up,negative,negative,0.9688003659248352,0.9688003659248352,0.024221723899245262,0.006977854296565056
"very nice weather app. would like to see more detail on air quality, pollen, etc",positive,positive,0.9061411619186401,0.00965869054198265,0.08420019596815109,0.9061411619186401
simple to use. nice option to search via map,positive,positive,0.7880384922027588,0.009851175360381603,0.20211030542850494,0.7880384922027588
what a huge step backwards for useability.,negative,positive,0.7505882382392883,0.03839806094765663,0.21101371943950653,0.7505882382392883
it is what it is!,neutral,neutral,0.4845617413520813,0.17882344126701355,0.4845617413520813,0.33661484718322754
"+pinch zoom, +++reflow text, --render speed on scroll, ---should find all pdf including dowloaded by browser, --no search, ---no images in reflow",negative,negative,0.7012508511543274,0.7012508511543274,0.26778700947761536,0.03096216917037964
this app keeps killing my tree whenever i off my <url> this is so bad. i ended up kore time restarting the timer.,negative,negative,0.9589118957519531,0.9589118957519531,0.033777233213186264,0.007310902234166861
website offers better and more search options.,negative,positive,0.5062186121940613,0.061220332980155945,0.4325610399246216,0.5062186121940613
i love this browser,positive,positive,0.40218064188957214,0.2762243449687958,0.3215949833393097,0.40218064188957214
not always perfectly accurate. i like the hourly forecast.,positive,neutral,0.5753553509712219,0.019802309572696686,0.5753553509712219,0.404842346906662
mobile notifications not working,neutral,negative,0.8480870723724365,0.8480870723724365,0.13383741676807404,0.018075531348586082
cannot unlock password protected ebooks. can't even interact with links or buttons. worthless for password protected ebooks.,negative,negative,0.9691087007522583,0.9691087007522583,0.024392543360590935,0.006498747039586306
this app is an nice good for everything i need but they are problems u must fix,positive,positive,0.7806609869003296,0.010455416515469551,0.20888358354568481,0.7806609869003296
getting worse than before,neutral,negative,0.5296198129653931,0.5296198129653931,0.40772199630737305,0.0626581609249115
it's easier and efficient,positive,positive,0.857379138469696,0.008737301453948021,0.1338834911584854,0.857379138469696
"what the mobile developers do not understand is: do not ever ever change the application icon! the icon shape and color are used to quickly identify an app between other dozen apps. that's how the brain works! moreover, an update only for the app icon? where is the video recording option? i use slack daily (it's the main chat / video conferencing solution where i work) and you can simply cannot record meetings!",negative,negative,0.6663084626197815,0.6663084626197815,0.3043038845062256,0.029387621209025383
"cute and accurate, but no long hair",neutral,positive,0.5649524927139282,0.013147015124559402,0.4219004809856415,0.5649524927139282
used to work. not anymore,negative,negative,0.9275903701782227,0.9275903701782227,0.06186184287071228,0.010547807440161705
an outstanding way of communication with the team.,positive,positive,0.9366791248321533,0.011896013282239437,0.05142488330602646,0.9366791248321533
internet is better than this because,neutral,neutral,0.6576533913612366,0.1844939887523651,0.6576533913612366,0.15785261988639832
"sucks. force close, pdf never opens. htc hero.",negative,negative,0.9656863212585449,0.9656863212585449,0.026518044993281364,0.007795632351189852
"i like it just wish tht we had more choices for the avatar and the body shapes were more womenly, besides that i think it's great!",neutral,positive,0.8241130709648132,0.010188313201069832,0.16569866240024567,0.8241130709648132
was great when it worked,negative,negative,0.48880326747894287,0.48880326747894287,0.43519866466522217,0.07599801570177078
update has ruined functionality. now difficult to search rooms for <number> people etc. terrible terrible terrible!,negative,negative,0.9696835279464722,0.9696835279464722,0.022474870085716248,0.007841674610972404
would like it better if you could use this app in fb <url>,neutral,neutral,0.554542601108551,0.015017255209386349,0.554542601108551,0.43044018745422363
great app with potential.,positive,positive,0.9286423921585083,0.010247226804494858,0.06111040338873863,0.9286423921585083
handles small pdf files really well. needs bookmarks.,neutral,positive,0.8211088180541992,0.013490226119756699,0.16540098190307617,0.8211088180541992
why not a mobile web version ??!!?!,negative,negative,0.6692807674407959,0.6692807674407959,0.2792634665966034,0.05145576223731041
"i love this app, the ui is nice and smooth, no bugs what-so-ever, and it knows when i press the home button and enter another app. (turn on advanced something in the settings) looks very smooth, and it works as it should! the problem is, i can't lock my phone without killing the tree, and it wastes the battery. that's pretty much my only complaint! (i'm fairly new to the app, and i heard that when your forest gets full, that you can't put in anymore trees. if so, please let the forest expand as well.)",positive,positive,0.8493549823760986,0.014007902704179287,0.13663707673549652,0.8493549823760986
i was addicted to game and other stuff my personal work ratio was too down and this app really help <url> !,positive,neutral,0.4836329221725464,0.09762971848249435,0.4836329221725464,0.41873741149902344
stuck in update mode,negative,negative,0.7026594281196594,0.7026594281196594,0.26724496483802795,0.030095620080828667
while downloading music it goes to play store .,neutral,neutral,0.5879146456718445,0.329629510641098,0.5879146456718445,0.08245577663183212
can't append it to sd card when updated in htc wildfire,negative,neutral,0.5230565667152405,0.45122867822647095,0.5230565667152405,0.02571476623415947
free emoticons are <url> good,neutral,neutral,0.6255648136138916,0.032952457666397095,0.6255648136138916,0.3414827585220337
"i could plant the tree while watching youtube , no different than clash of clans",negative,neutral,0.6062914133071899,0.21166861057281494,0.6062914133071899,0.1820399910211563
bbm cant connect properly,negative,negative,0.8744982481002808,0.8744982481002808,0.11334296315908432,0.012158829718828201
"it would be cooler if you could mix and match the pants, shoes, shirts, jackets, etc. instead of having to choose from predetermined outfits. i want to make my own outfit!",positive,positive,0.5941048860549927,0.014575637876987457,0.3913194239139557,0.5941048860549927
"works fine, too many ads",positive,neutral,0.6447776556015015,0.04215477406978607,0.6447776556015015,0.31306761503219604
they okay good on the <number> day forecast.!,neutral,positive,0.5729407668113708,0.013345749117434025,0.4137134253978729,0.5729407668113708
"when it works, it's good. but far too many crashes on my galaxy tab s <number> .",neutral,neutral,0.6513379812240601,0.014998212456703186,0.6513379812240601,0.3336637318134308
terrible it now no longer works the way it used to. it was the <signature>,negative,negative,0.971077024936676,0.971077024936676,0.021482590585947037,0.007440504152327776
push notifications not reliable,positive,neutral,0.7543291449546814,0.16465429961681366,0.7543291449546814,0.08101648837327957
went out and can't access it ny more. what happened. says i have <number> go thru fb or my email and i have <number> sign up and in wen i've been using it <number> the past <number> months. what happened!,neutral,negative,0.9591588973999023,0.9591588973999023,0.03437570855021477,0.006465391255915165
to set a profile picture is very frustrating as the current set up/method cuts out most of the picture. this really should be adjusted.,neutral,neutral,0.7539953589439392,0.1381998509168625,0.7539953589439392,0.10780482739210129
i liked <url> this is very useful,positive,positive,0.8292563557624817,0.014247224666178226,0.15649640560150146,0.8292563557624817
if your not using this to book your loosing out,neutral,negative,0.7619008421897888,0.7619008421897888,0.17703451216220856,0.06106461584568024
"the app keeps asking me to rate it despite me constantly telling it ""no"" so i'm rating it <number> star out of spite and partially because they don't actually follow the choices they give you.",negative,neutral,0.563681423664093,0.3659426271915436,0.563681423664093,0.07037600129842758
"uc browser is a fantastic browser application. the team behind the creation of this application have all done a wonderful job. keep it up as you continue to improve upon this great application. however, i wish to suggest that option to be able to send applications in speed mode { facebook, twitter etc} to phone desktop/home screen be incorporated into this application. secondly, make it possible to be able to select and set desired audio file as alert tones for applications like facebook etc. we therefore look forward to seeing these options in your next update sir. <signature>",neutral,positive,0.8907701373100281,0.011274896562099457,0.09795491397380829,0.8907701373100281
"battery drain, battery drain, battery drain",negative,negative,0.8922659754753113,0.8922659754753113,0.09413636475801468,0.013597621582448483
won't open raw files,negative,negative,0.9509876370429993,0.9509876370429993,0.04258265718817711,0.006429646629840136
force closes on samsung moment w/android v <number> . <number>,negative,negative,0.5864295959472656,0.5864295959472656,0.3246666491031647,0.08890380710363388
not as good as desktop app .too slow while navigaring to different channels amd personal chats.,neutral,neutral,0.8470704555511475,0.11118008196353912,0.8470704555511475,0.041749414056539536
weather is nice and shows precipitation also,positive,positive,0.6518110036849976,0.013392403721809387,0.334796667098999,0.6518110036849976
"won't let me add locations, other than that, works well.",neutral,neutral,0.7892670631408691,0.0397750623524189,0.7892670631408691,0.17095793783664703
note <number> <url> of nov <number> th.,negative,neutral,0.6088827848434448,0.17571832239627838,0.6088827848434448,0.2153988629579544
rooms sold not always available,neutral,negative,0.48345401883125305,0.48345401883125305,0.4710598587989807,0.04548612982034683
please add a feature!,neutral,positive,0.6978718638420105,0.014773798175156116,0.28735432028770447,0.6978718638420105
so many ads r coming i hate this app,negative,negative,0.9637545347213745,0.9637545347213745,0.02925937809050083,0.0069861398078501225
it does what it's supposed to.,positive,neutral,0.7604464292526245,0.03497510775923729,0.7604464292526245,0.2045784741640091
it really sucks that disabling wysisyg in the settings does not work. i want my input freedom.,negative,negative,0.7326610088348389,0.7326610088348389,0.24887357652187347,0.018465455621480942
it's a decent app,positive,neutral,0.5358036756515503,0.012362142093479633,0.5358036756515503,0.45183420181274414
have issue on redmi note <number>,neutral,neutral,0.7186455130577087,0.14605559408664703,0.7186455130577087,0.13529889285564423
"i would give it <number> , but it keeps stopping when converting text to pdf",positive,neutral,0.7709411382675171,0.05979980528354645,0.7709411382675171,0.16925901174545288
very good for me,positive,positive,0.8915020227432251,0.01565658487379551,0.09284134954214096,0.8915020227432251
"app whitelisting doesn't work, everything works fine when whitelisting is turned off (tree withers when i exit the app) but when it's on, i can access any app without the tree dying, not just the whitelisted ones. i've also turned on the advanced detection mode, does not help.",neutral,negative,0.5406240224838257,0.5406240224838257,0.42519643902778625,0.03417953476309776
"this ""use"" to be the greatest weather app right up until <url> latest update froze radar animation and i don't get alerts until i open the app. deleting and going to find a better app.",negative,negative,0.4574880599975586,0.4574880599975586,0.35919010639190674,0.18332181870937347
"it does its job, but asking each time to rate the app is infuriating",neutral,neutral,0.8439313769340515,0.03856565058231354,0.8439313769340515,0.11750299483537674
my weatherbug now tells me im <number> towns away. reported <url> they told me i was dumb basically.,negative,negative,0.7688663601875305,0.7688663601875305,0.20067483186721802,0.030458886176347733
crude humor supports the deteriorating morals of society. not acceptable,negative,neutral,0.5151976346969604,0.43832555413246155,0.5151976346969604,0.0464768148958683
after installed the browser <url> phone will hang and some unwanted program to be automatically <url> will affect on <url>,negative,negative,0.9185692071914673,0.9185692071914673,0.06839803606271744,0.013032772578299046
some update or something makes this wonderful app crash. please remedy the issue!!!,neutral,positive,0.644089937210083,0.03628161549568176,0.31962844729423523,0.644089937210083
love it but easy on the ads pls,positive,positive,0.7799362540245056,0.01943979784846306,0.20062395930290222,0.7799362540245056
"for all those whose trees are not withering, turn off whitelist mode",neutral,neutral,0.4229048490524292,0.39276665449142456,0.4229048490524292,0.18432848155498505
"i really enjoy this app, it's been quite helpful. however, though it counts the time you exceed the preset goal you don't get any extra trees/bushes. this means that i sometimes go over my time focus goal, but only see one lonely tree for my efforts. good bit of a bummer. otherwise, love the app.",positive,positive,0.8914849758148193,0.013161968439817429,0.09535307437181473,0.8914849758148193
not as accurate at weather channel but i like that i can choose the radar location.,positive,positive,0.8384488821029663,0.008307714946568012,0.15324339270591736,0.8384488821029663
i prefer the blackberry version to the android version. or maybe i've not discovered all the tricks here.,neutral,positive,0.5158761143684387,0.029633043333888054,0.45449087023735046,0.5158761143684387
great! so much potential!,positive,positive,0.9044952392578125,0.012204666621983051,0.08330007642507553,0.9044952392578125
can't use bbm after update,negative,neutral,0.5513342618942261,0.41143468022346497,0.5513342618942261,0.03723101690411568
on getting the latest update the app stopped working all of a sudden. i use samsung galaxy s <number> . please see what has gone wrong. i tried reinstalling the app too. didn't work.,negative,negative,0.8674765229225159,0.8674765229225159,0.1139049306511879,0.01861855760216713
very very slow even on nexus one,negative,negative,0.8134925365447998,0.8134925365447998,0.17128169536590576,0.015225750394165516
like the old version better,positive,neutral,0.6067178845405579,0.05413851886987686,0.6067178845405579,0.3391435742378235
stop asking me to rate every time i launch the app.,negative,negative,0.6574380993843079,0.6574380993843079,0.30392423272132874,0.038637567311525345
lots of force closes on galaxy s.,negative,negative,0.6595390439033508,0.6595390439033508,0.2841157019138336,0.05634523928165436
needs more of the core lightroom features,neutral,neutral,0.684832751750946,0.027160050347447395,0.684832751750946,0.2880072593688965
"great app, just a few things that need addressed. i can no longer ""purchase"" additional trees and i have the $. it says forbidden after taking a while to load. i've uninstalled and reinstalled, running on the most current app and android os <number> . <number> , droid turbo <number> .",neutral,positive,0.7918202877044678,0.022735195234417915,0.18544456362724304,0.7918202877044678
please add live radar widget!,positive,neutral,0.5242598056793213,0.05502346530556679,0.5242598056793213,0.42071667313575745
can't quickly link to specific page or bookmark. sucks. quick office is much better for reading pdfs.,negative,neutral,0.6912879943847656,0.2752802073955536,0.6912879943847656,0.033431731164455414
it dose not let you do anything,negative,negative,0.9242009520530701,0.9242009520530701,0.06226727366447449,0.013531691394746304
hourly doesn't match the <number> day,neutral,negative,0.794865071773529,0.794865071773529,0.18681807816028595,0.01831686869263649
it's a good app,positive,positive,0.6742838025093079,0.009319137781858444,0.3163970410823822,0.6742838025093079
good app edit picture,positive,positive,0.5148270130157471,0.01978110335767269,0.4653919041156769,0.5148270130157471
can't bookmark the page! it's hard to read an e-book and remember the page number. i will delete.,negative,negative,0.4887228012084961,0.4887228012084961,0.48841339349746704,0.022863734513521194
use for fast download,positive,positive,0.8336138725280762,0.015692979097366333,0.1506931036710739,0.8336138725280762
used to be the <signature>,negative,negative,0.7003808617591858,0.7003808617591858,0.25833022594451904,0.04128889739513397
better than most. quick and easy,positive,positive,0.8909651637077332,0.009882407262921333,0.09915242344141006,0.8909651637077332
"not fast in sending and receiving messages, the app needs to be worked on.",negative,neutral,0.6833893656730652,0.2767380475997925,0.6833893656730652,0.03987260162830353
local adjustment not appearing,positive,neutral,0.7662671804428101,0.11279527097940445,0.7662671804428101,0.12093757092952728
used to be great,negative,negative,0.8103013038635254,0.8103013038635254,0.1658633053302765,0.02383543737232685
just got it <url> fingers crossed,neutral,neutral,0.550291895866394,0.261953204870224,0.550291895866394,0.18775494396686554
best pic editing <url>,positive,positive,0.866157054901123,0.011768382973968983,0.12207452952861786,0.866157054901123
no bookmark or jump page. doesnt remember where i was when closed,negative,negative,0.9258038997650146,0.9258038997650146,0.06546065956354141,0.008735508657991886
"good. only complaint is that sometimes the location on my lock screen is not my current location, but a random one from my saved places.",positive,positive,0.6026789546012878,0.009180117398500443,0.38814088702201843,0.6026789546012878
for the older version,neutral,neutral,0.6400426626205444,0.19261029362678528,0.6400426626205444,0.1673470437526703
"this app is pretty good, but i wish i could use this in my normal keyboard and i hope that it will be animated and have a transparent background",positive,positive,0.7548760175704956,0.009083296172320843,0.23604066669940948,0.7548760175704956
it's very accurate and good,positive,positive,0.9053708910942078,0.009554499760270119,0.08507459610700607,0.9053708910942078
loved it till i got a new phone,negative,negative,0.4836743474006653,0.4836743474006653,0.41882896423339844,0.09749665856361389
works ok but crashes when i rotate my archos <number> .,neutral,neutral,0.8426682949066162,0.032088302075862885,0.8426682949066162,0.1252433955669403
bloats <number> megs needs to be movable to <url>,negative,negative,0.5478414297103882,0.5478414297103882,0.3986395299434662,0.05351898819208145
shares the way it wants without permission,negative,neutral,0.577264666557312,0.2001248002052307,0.577264666557312,0.22261053323745728
external storage for cache,neutral,neutral,0.7070916295051575,0.11169644445180893,0.7070916295051575,0.18121188879013062
the radar map is practically useless now,negative,negative,0.9677460789680481,0.9677460789680481,0.02491898275911808,0.007334933616220951
will not select the correct current location.,negative,neutral,0.6261312365531921,0.33368343114852905,0.6261312365531921,0.04018525406718254
cant edit my avatar and cant log in!!,negative,negative,0.9653940200805664,0.9653940200805664,0.028814729303121567,0.005791217554360628
this is worse than what we call pathetic when it comes to mobile app.,negative,negative,0.9493913054466248,0.9493913054466248,0.0419640950858593,0.008644585497677326
updated to make it worst,negative,negative,0.9155201315879822,0.9155201315879822,0.06943792849779129,0.015041915699839592
the trees do not die when i leave the app which is what the app was supposed to do should i have left the app to use other apps like ig or youtube,negative,negative,0.7172171473503113,0.7172171473503113,0.23012350499629974,0.05265938863158226
new version is a major step back,negative,positive,0.4780662953853607,0.09521065652370453,0.42672303318977356,0.4780662953853607
awesome and secure app,positive,positive,0.9143256545066833,0.02003573812544346,0.06563854962587357,0.9143256545066833
awful app. really awful.,negative,negative,0.966977059841156,0.966977059841156,0.0236978642642498,0.00932507123798132
would rate <number> <url>,negative,neutral,0.6587972044944763,0.08929948508739471,0.6587972044944763,0.2519032955169678
"makes an incredibly annoying and loud clicking sound through the speakers whenever you take a photo, with no ability to disable it.",neutral,negative,0.6920375227928162,0.6920375227928162,0.28197985887527466,0.02598259411752224
it's nice but some problems r there,neutral,neutral,0.6210693717002869,0.011005846783518791,0.6210693717002869,0.36792469024658203
have used it for years,positive,positive,0.7650258541107178,0.06503033638000488,0.16994377970695496,0.7650258541107178
hope it supports split screen,positive,positive,0.5453780293464661,0.024799352511763573,0.4298226535320282,0.5453780293464661
good app to <url> i alwayz prefer uc browser to <url>,positive,neutral,0.6517509818077087,0.029430106282234192,0.6517509818077087,0.31881892681121826
some issues but otherwise excellent,positive,positive,0.6491773128509521,0.010064036585390568,0.34075862169265747,0.6491773128509521
"this app is great, allows you to edit raw files, and almost has all the same options as a desktop/laptop version. the only thing i would really love to see is a brush setting, really all it needs for <number> stars in my books!",positive,positive,0.9176378846168518,0.009230832569301128,0.0731312558054924,0.9176378846168518
basic stuff done well,neutral,positive,0.6384265422821045,0.02217870019376278,0.339394748210907,0.6384265422821045
unfriendly to free users,negative,negative,0.9466162919998169,0.9466162919998169,0.04660113900899887,0.006782629527151585
crashed my phone twice in a row doing nothing more then trying to read a <url>,negative,negative,0.961879312992096,0.961879312992096,0.031809404492378235,0.006311293691396713
has become unreliable and very inaccurate. loved it and now will get rid of because of terrible forecasts.,negative,negative,0.9402546882629395,0.9402546882629395,0.0525101013481617,0.007235265802592039
still no group contacts like old bbm,negative,neutral,0.7163314819335938,0.11224863678216934,0.7163314819335938,0.17141981422901154
"slow loading, double notifications",neutral,neutral,0.746131420135498,0.1462535262107849,0.746131420135498,0.10761497914791107
i love this app but sometimes it is really lagging.,positive,positive,0.5670497417449951,0.029468592256307602,0.40348169207572937,0.5670497417449951
freezes when opening pdfs. useless. root droid <number> . <number>,negative,negative,0.9669535160064697,0.9669535160064697,0.02597232721745968,0.0070741125382483006
"really nice app ,with grt way to analyse yr productivity",positive,positive,0.903711199760437,0.007773971185088158,0.08851483464241028,0.903711199760437
great but one major problem,positive,positive,0.8363103866577148,0.01111490186303854,0.15257470309734344,0.8363103866577148
this program needs to be able to jump to specific pages in the pdf. i have a <number> page set of blueprints in need to access multiple times daily. fix,negative,neutral,0.6110870242118835,0.3169575035572052,0.6110870242118835,0.07195544242858887
something went wrong before i could access this app. immediately <url> viruses needed.,negative,negative,0.672493577003479,0.672493577003479,0.28182846307754517,0.045677971094846725
last update problem when search number adults,negative,neutral,0.6397318243980408,0.26732057332992554,0.6397318243980408,0.09294760972261429
very good app very easy,positive,positive,0.9143608808517456,0.01039211731404066,0.07524704933166504,0.9143608808517456
it's good app and doesn't contain virus,positive,neutral,0.7237724661827087,0.015301942825317383,0.7237724661827087,0.26092568039894104
please add widgets for slack,positive,positive,0.674599826335907,0.01606847159564495,0.3093317449092865,0.674599826335907
add hdr support for htc <number> please!,neutral,positive,0.6129643321037292,0.024292953312397003,0.3627427816390991,0.6129643321037292
"suddenly it's killing all my trees it's was working perfectly, but now i keep getting a ""unknown app'",negative,neutral,0.7154383063316345,0.16598697006702423,0.7154383063316345,0.11857472360134125
well <url> you need access to my files and my camera ? looks like an insecure joke. i 'll install once we are back to serious.,negative,neutral,0.7170720100402832,0.0902138203382492,0.7170720100402832,0.19271421432495117
this app is <url> not as expected,negative,neutral,0.5823735594749451,0.3158763349056244,0.5823735594749451,0.10175013542175293
please add remind me option,neutral,positive,0.7201474905014038,0.015797432512044907,0.2640550136566162,0.7201474905014038
"original user interface, very usable.",positive,neutral,0.6669448614120483,0.09167244285345078,0.6669448614120483,0.24138270318508148
i use this site for booking over night stays when going on holiday. good hotel and great staff.,positive,positive,0.9401387572288513,0.01085131149739027,0.04900998994708061,0.9401387572288513
can't access my account,negative,negative,0.9670507311820984,0.9670507311820984,0.027070727199316025,0.005878495052456856
very useful to find non-chain hotels--saving lots of money when all you need is a clean room and a servicable bed.,positive,positive,0.9201676249504089,0.00801100954413414,0.07182130217552185,0.9201676249504089
"love it, something for almost every occasion!",positive,positive,0.870186984539032,0.04043867066502571,0.08937433362007141,0.870186984539032
doesn't format text correctly,neutral,neutral,0.593127965927124,0.364777147769928,0.593127965927124,0.04209492355585098
"despite all these new pdf readers, this app provides very good benefits",positive,positive,0.8563287854194641,0.010148103348910809,0.1335231214761734,0.8563287854194641
love it but hate it,neutral,neutral,0.4677799940109253,0.14164593815803528,0.4677799940109253,0.3905740976333618
great application. efficient way to browse and book accommodation.,neutral,positive,0.933600127696991,0.009450268000364304,0.0569496750831604,0.933600127696991
great mutch eadier than website. quick and convenient,positive,positive,0.8893386721611023,0.0129775982350111,0.09768371284008026,0.8893386721611023
excellent. not needing any permissions is cool.,neutral,positive,0.7291141152381897,0.008717303164303303,0.2621685564517975,0.7291141152381897
"works pretty good, nice to finally have this on android.",positive,positive,0.9061992764472961,0.009563561528921127,0.08423716574907303,0.9061992764472961
to boring and to many adds,negative,negative,0.6015744209289551,0.6015744209289551,0.34540241956710815,0.053023118525743484
reply from notification and remove bbm channels,neutral,neutral,0.5475616455078125,0.32088011503219604,0.5475616455078125,0.13155822455883026
love the app but current temperature doesn't stay in the notification bar even though i have it set to go the settings. please fix. i have to constantly open the app for current temp.,positive,positive,0.5768846273422241,0.022197837010025978,0.40091755986213684,0.5768846273422241
i like it . works great,neutral,positive,0.9178785681724548,0.014123779721558094,0.06799759715795517,0.9178785681724548
it's good for documents viewings and managing.,positive,positive,0.8485977649688721,0.007268026936799288,0.14413419365882874,0.8485977649688721
it's good but not too much <url> it's working well,positive,neutral,0.6384365558624268,0.012073221616446972,0.6384365558624268,0.3494902551174164
pic porn on ads,negative,negative,0.8775487542152405,0.8775487542152405,0.10676442086696625,0.01568680629134178
dope! i wish there was a batch deletion feature.,positive,negative,0.6980393528938293,0.6980393528938293,0.27934181690216064,0.022618796676397324
"worked great for years but now it double posts everything i send on my chromebook. love it on every other <url> iphone, mac. i hope this is fixed in the next <url> !",neutral,positive,0.864502489566803,0.031088687479496002,0.10440880805253983,0.864502489566803
"sering error, but it's fine. still working",positive,neutral,0.6414670944213867,0.017611272633075714,0.6414670944213867,0.3409216105937958
full of bugs. i can claim the reward but my coins doesn't increase at all????,negative,negative,0.7982745170593262,0.7982745170593262,0.18161766231060028,0.0201078150421381
reliable when signal is good,positive,positive,0.6989365816116333,0.010656354948878288,0.29040706157684326,0.6989365816116333
love it and hate it.,neutral,negative,0.8716484904289246,0.8716484904289246,0.09087356179952621,0.03747791796922684
would be good if you could delete after finished!,neutral,neutral,0.5263600945472717,0.014056620188057423,0.5263600945472717,0.4595833122730255
works for me. only one i ever use.,positive,negative,0.5598832964897156,0.5598832964897156,0.23224270343780518,0.20787400007247925
error <url> do not work. i'm having <number> . <number> . <number> <url> still not working .,negative,negative,0.9509584307670593,0.9509584307670593,0.04103730246424675,0.008004283532500267
it is very good but it needs more options on the facial features and the body motifications,positive,positive,0.7184340953826904,0.008561935275793076,0.2730039954185486,0.7184340953826904
takes up <number> percent of the <url> saves everything u <url> good for a <url> have motorola droid.,negative,neutral,0.7338703870773315,0.13948765397071838,0.7338703870773315,0.12664200365543365
nice <url> was using this <url> information for news and latest updates,neutral,positive,0.7834013104438782,0.011396159417927265,0.20520257949829102,0.7834013104438782
"the whitelist doesn't <url> no matter what i do, my tree dies.",neutral,negative,0.8189396858215332,0.8189396858215332,0.1516689509153366,0.02939133532345295
"good app, but lacking android wear (and thus pebble) support. i prefer google hangouts to slack because of this missing functionality.",neutral,neutral,0.7947257161140442,0.022278420627117157,0.7947257161140442,0.18299581110477448
great but too much phone access,neutral,positive,0.6173796057701111,0.011920913122594357,0.3706994950771332,0.6173796057701111
if you can't offer better pricing you're useless,negative,negative,0.9642789959907532,0.9642789959907532,0.0269535593688488,0.00876745954155922
seriously your ad blocker never works everytime i go to movies site pop up ads pop ups every second very irritating don't <url> u will never get good surfing experience,negative,negative,0.8282365798950195,0.8282365798950195,0.15682627260684967,0.014937097206711769
minimize category and bbm group user friendly,positive,neutral,0.6228291392326355,0.05562369152903557,0.6228291392326355,0.32154709100723267
it doesn't save the last page you were on. it's annoying.,neutral,neutral,0.8446463942527771,0.09261665493249893,0.8446463942527771,0.06273695081472397
please add something which shows you how long you've worked for each day and maybe a graph for comparing different working times,neutral,positive,0.8868168592453003,0.008805971592664719,0.10437719523906708,0.8868168592453003
not bad better than other,positive,neutral,0.5928877592086792,0.027662551030516624,0.5928877592086792,0.3794496953487396
i like the radar and spark. i work outside so that helps. the temp though? <url> but i guess that's what you get when trying to predict the actions of the most volatile woman in existence. mother nature of course.,neutral,positive,0.9083753228187561,0.00748672429472208,0.0841379463672638,0.9083753228187561
why it is asking to download uc browser when i am going to download song and i don't want to download uc browser,negative,negative,0.8302207589149475,0.8302207589149475,0.14906707406044006,0.020712146535515785
"awesome app!! it helps me a <url> i think it will be better if it had a <url> like we can time when it will start <url> sometimes i like to use my phone a lot. like before bed or using my phone at <url> smting like that. if you had the timer, we can set our work time so we would not play phones at certain <url> but still this app is great!!",positive,positive,0.9026603102684021,0.008504790253937244,0.08883489668369293,0.9026603102684021
good app but <url>,neutral,neutral,0.6320630311965942,0.02283386141061783,0.6320630311965942,0.34510308504104614
does the job it aims to do,neutral,positive,0.884395956993103,0.019243499264121056,0.09636054188013077,0.884395956993103
ridiculous. why the hell i cannot move it to memory card?,negative,negative,0.9632130265235901,0.9632130265235901,0.027573376893997192,0.009213627316057682
download error problem network gone after network connected again donwload doesn't resume,neutral,negative,0.7513198852539062,0.7513198852539062,0.22244979441165924,0.02623036503791809
"i would give this app more stars if it weren't for the inability to get an overview of the total number of hours sunk into each tag rather than just a percentage, extend the amount of time you want on the fly and to filter by multiple tags vs either only one or all at the moment.",neutral,positive,0.6515284180641174,0.014625458046793938,0.3338460922241211,0.6515284180641174
"its cool, i love it",neutral,positive,0.7558751702308655,0.0376523919403553,0.20647242665290833,0.7558751702308655
warning. bad apps. this apps cheat ur money on cancelation,negative,negative,0.969950795173645,0.969950795173645,0.023748481646180153,0.006300791632384062
please fix!! then <number> stars,negative,negative,0.5358811616897583,0.5358811616897583,0.327667236328125,0.1364515870809555
it's ok this apps,positive,neutral,0.787529706954956,0.01713917776942253,0.787529706954956,0.1953311264514923
please add support for links inside pdf! great app but i really miss that feature!!,neutral,positive,0.903520941734314,0.00836512353271246,0.08811400830745697,0.903520941734314
weatherbug was better <number> years back than it is now. i do not like the last few updates. the maps not as good especially showing cloud cover with storms or without. the layers is really sib par from the way it was. now for the last <number> days its shutting down for no reason,neutral,neutral,0.6116476058959961,0.32178112864494324,0.6116476058959961,0.06657128781080246
uc helpful but it's have many bad <url>,positive,neutral,0.59184730052948,0.02557382732629776,0.59184730052948,0.38257890939712524
it tells me what i need to know,positive,positive,0.8302890658378601,0.014659091830253601,0.1550518423318863,0.8302890658378601
addicted to phone? this is the app,positive,negative,0.9372104406356812,0.9372104406356812,0.051964208483695984,0.01082534622400999
works well but beware the enormous memory use for data. if this could be stored on sd card then i would give <number> stars. as it is may have to uninstall.,neutral,neutral,0.811173677444458,0.02611519582569599,0.811173677444458,0.16271109879016876
nice app for viewing documents!!! have been using it since many years!,positive,positive,0.9318211674690247,0.008528182283043861,0.059650685638189316,0.9318211674690247
doesn't have a logout option,positive,neutral,0.7346493005752563,0.2248975932598114,0.7346493005752563,0.040453098714351654
enlarge capacity for sending video,neutral,neutral,0.5233973264694214,0.059942346066236496,0.5233973264694214,0.4166603684425354
"it needs to have color, hairstyles and have character friends we pick on the lists to be in emojis too. plus can we have clothes come from video games and movies. plz",positive,positive,0.7626322507858276,0.01586238108575344,0.2215053141117096,0.7626322507858276
excellent considering all i want is pdf reader. but confused why such a basic thing like bookmarks is missing! the page nav good but never accurate,neutral,positive,0.5409255623817444,0.010614888742566109,0.4484594762325287,0.5409255623817444
very funny! it crashes in my s <number> edge+,negative,neutral,0.6060333847999573,0.17226417362689972,0.6060333847999573,0.22170250117778778
cant book in alantic city nj,negative,negative,0.7201349139213562,0.7201349139213562,0.2645540237426758,0.015311097726225853
learnt about it hope it is going to be <url>,neutral,neutral,0.4697344899177551,0.13009247183799744,0.4697344899177551,0.40017303824424744
i think it is cool because you can use it for anything and could make stories etc.,positive,positive,0.7446421384811401,0.00905210617929697,0.24630579352378845,0.7446421384811401
"so powerful, yet so limited.",neutral,neutral,0.5511519312858582,0.03114042431116104,0.5511519312858582,0.4177076518535614
i really like this app. have a lot of fun with it when i send text messages. haven't had any problems with it.,neutral,positive,0.9163021445274353,0.010530144907534122,0.07316764444112778,0.9163021445274353
new icon is really lame. looks like google <url> hahaha. binit,negative,negative,0.9070096015930176,0.9070096015930176,0.08144800364971161,0.011542296968400478
easy and convenient to use,positive,positive,0.9245378375053406,0.009821990504860878,0.06564023345708847,0.9245378375053406
holy data <url> people please!,negative,neutral,0.4338427782058716,0.3204755485057831,0.4338427782058716,0.24568167328834534
screw you slack for arbitrarily forcing everyone on mobile to download this utterly superfluous client while your services run well in browser.,negative,negative,0.9681493043899536,0.9681493043899536,0.023911410942673683,0.007939383387565613
sometime. . force close hard launch,neutral,neutral,0.6963993310928345,0.11659365892410278,0.6963993310928345,0.18700695037841797
"slow, and hang when zoom",negative,neutral,0.5963600277900696,0.35773801803588867,0.5963600277900696,0.045901861041784286
"the app is really good. i find it really fun but i suggest that you guys add piercings, birthmarks, beauty marks and things like that, maybe even allow more then two bitmoji characters. other than that, the app is really good",positive,positive,0.8921440243721008,0.006960452534258366,0.10089556872844696,0.8921440243721008
"would pay extra to get the ads to go away. otherwise, very good.",neutral,positive,0.7618712186813354,0.007954176515340805,0.23017460107803345,0.7618712186813354
beware making fool and cheating beware,negative,negative,0.9613153338432312,0.9613153338432312,0.028179030865430832,0.010505685582756996
what happened to the paid version?,negative,negative,0.9391116499900818,0.9391116499900818,0.05083027482032776,0.01005812268704176
good <number> st version - htc one m <number>,positive,positive,0.49403059482574463,0.017938850447535515,0.4880305230617523,0.49403059482574463
great app use it to store music in,positive,positive,0.9350466132164001,0.0124726677313447,0.05248066782951355,0.9350466132164001
"could use a bit of <url> other than that, great concept and idea!",neutral,positive,0.6418092846870422,0.01577490195631981,0.3424157500267029,0.6418092846870422
more customizable than the other guy but not as complete as i'd like,positive,positive,0.548963725566864,0.018945489078760147,0.4320908188819885,0.548963725566864
"i always like this app since i used my old curve. but the ads kill me, hahahaha.",positive,negative,0.5426797270774841,0.5426797270774841,0.40146276354789734,0.05585748702287674
"what a crappy app. rim can do much betta than this. wanted to give it a zero star but that option ain't available, i wonder why.",negative,negative,0.6354405879974365,0.6354405879974365,0.33410561084747314,0.030453898012638092
it's a good app . it saved my mobile from getting virus into my mobile,positive,positive,0.7808407545089722,0.007861592806875706,0.21129761636257172,0.7808407545089722
it's really nice !!!,neutral,positive,0.827328085899353,0.010209213010966778,0.16246271133422852,0.827328085899353
"the prices are super high. like,the great <url> a billionaire could pay, but they would be poor afterwards. don't use!",negative,negative,0.869785487651825,0.869785487651825,0.11203634738922119,0.018178114667534828
"great local forecast, maybe because i live near their headquarters. it works great when i travels as well.",positive,positive,0.8666283488273621,0.008343412540853024,0.12502820789813995,0.8666283488273621
not very compatible with pomodoro technique,neutral,neutral,0.7342993021011353,0.21129806339740753,0.7342993021011353,0.05440269410610199
very useful and reliable app. documents are available offline which i find very convenient,positive,positive,0.93357914686203,0.009205610491335392,0.05721524357795715,0.93357914686203
too many ads! hate it,negative,negative,0.9583335518836975,0.9583335518836975,0.03511320799589157,0.006553290877491236
good but i don't like this app becouse of that annoying ads please remove this <url>,negative,neutral,0.708168625831604,0.02300185151398182,0.708168625831604,0.2688295543193817
improve android app please,neutral,neutral,0.4720422923564911,0.07353702187538147,0.4720422923564911,0.45442062616348267
not happy over my profile picture,neutral,negative,0.7652478814125061,0.7652478814125061,0.21430358290672302,0.020448530092835426
foxit reader is more convenient,positive,neutral,0.6774806976318359,0.046420786529779434,0.6774806976318359,0.2760985493659973
"cute, simple and motivating!",positive,positive,0.9160239100456238,0.012175830081105232,0.07180027663707733,0.9160239100456238
good but could be better,positive,neutral,0.6735914349555969,0.013421270996332169,0.6735914349555969,0.3129872679710388
"one of the essential apps, but imperfectly realized in android",positive,neutral,0.5934251546859741,0.08043898642063141,0.5934251546859741,0.3261358141899109
like it but too much ads,positive,neutral,0.6947460174560547,0.02455110289156437,0.6947460174560547,0.2807028293609619
still very lame. can't open pdfs that are image scans. cmon adobe. really?,negative,negative,0.9498207569122314,0.9498207569122314,0.04297560825943947,0.007203616667538881
"after unable to launch get fixed in the update last night, all my past <number> days history is gone <url> all my lemon <url> this how the developer improve performance? very <url>",negative,negative,0.9003341794013977,0.9003341794013977,0.07735677808523178,0.02230898290872574
you better call it off. useless.,negative,negative,0.9690120816230774,0.9690120816230774,0.02242862619459629,0.008559235371649265
as good as the web version,positive,positive,0.6687582731246948,0.011129968799650669,0.3201117515563965,0.6687582731246948
just updated bbm and all of my chat history disappeared! need a way to restore it. pls fix it.,neutral,negative,0.8480937480926514,0.8480937480926514,0.1342323124408722,0.017673902213573456
<salutation> can't even open password protected files. waste of time and memory,negative,negative,0.9714046716690063,0.9714046716690063,0.022519513964653015,0.006075776647776365
i dont understand this ap,neutral,negative,0.8709438443183899,0.8709438443183899,0.10905391722917557,0.020002251490950584
its a very good app,positive,positive,0.803309977054596,0.009593880735337734,0.18709614872932434,0.803309977054596
good website for hotels. plenty of options and many with free cancellation.,positive,positive,0.8712242841720581,0.007136730942875147,0.12163903564214706,0.8712242841720581
bad very very bad. in all website you have ads <url> is <url> <url> bad things <url> <url>,negative,negative,0.9680519700050354,0.9680519700050354,0.024797022342681885,0.007151035126298666
claims app <number> sd but <url> no option to move from phone to sd card. it's a <number> +mb app. htc di <number> . <number>,neutral,neutral,0.5225673913955688,0.429839551448822,0.5225673913955688,0.04759307578206062
"unnecessary app, please kill it.",negative,negative,0.964255154132843,0.964255154132843,0.028335463255643845,0.007409451995044947
my favorite way to communicate,positive,positive,0.908537745475769,0.012784801423549652,0.0786774754524231,0.908537745475769
quickly opens up the pdf <url> and very user friendly,positive,positive,0.9121642112731934,0.011236337944865227,0.07659944146871567,0.9121642112731934
force closed after update,neutral,negative,0.8673486113548279,0.8673486113548279,0.10736894607543945,0.02528252825140953
this app is nice for safe <url>,neutral,positive,0.5276031494140625,0.017611753195524216,0.4547851085662842,0.5276031494140625
brings so much important info to my phone in an easy to use format.,positive,positive,0.9172448515892029,0.014253893867135048,0.06850126385688782,0.9172448515892029
very nice and helpful app,positive,positive,0.9210667610168457,0.017315087839961052,0.06161819025874138,0.9210667610168457
don't send fake news,neutral,negative,0.7853344678878784,0.7853344678878784,0.18567673861980438,0.02898884192109108
it asks for login every time i start it and that is very annoying. on my ipad it does not behave that way.,neutral,negative,0.6306877732276917,0.6306877732276917,0.34747621417045593,0.021835941821336746
update <url> bisa copy comment di picture group <url> info bagaimana cara copy coment nya?,negative,neutral,0.4662022292613983,0.40702930092811584,0.4662022292613983,0.12676841020584106
"good so far on phone, afraid to install on laptop, had a older version that wouldn't go away and had constant ads and pop-ups",positive,positive,0.513981819152832,0.01195460930466652,0.47406357526779175,0.513981819152832
this app is far too big.,negative,negative,0.7774904370307922,0.7774904370307922,0.20190703868865967,0.020602447912096977
this is a good app,positive,positive,0.7076439261436462,0.01572258025407791,0.27663350105285645,0.7076439261436462
"i'm heard about security concerns related to this browser, can u explain it?",neutral,neutral,0.6452173590660095,0.06241520866751671,0.6452173590660095,0.29236745834350586
worst app in world,negative,negative,0.9686940908432007,0.9686940908432007,0.022337403148412704,0.008968512527644634
i wish i could make funnies with my friends in them. not just in snapchat. otherwise a very fun app.,positive,positive,0.8437546491622925,0.007726503536105156,0.1485188752412796,0.8437546491622925
its alright but got a long way to go to better repligo. need to be able to skip to chapters and double tap zoom should fit paragraph to screen width,neutral,neutral,0.6876242756843567,0.01080428995192051,0.6876242756843567,0.30157139897346497
just missing an iphone feature.,positive,neutral,0.7648862600326538,0.03862406313419342,0.7648862600326538,0.19648967683315277
not as good as on the blackberry phones doesn't show a red star to let you know you have an unread message unless you open the app,neutral,neutral,0.8066787719726562,0.13252180814743042,0.8066787719726562,0.06079941987991333
excellent with some improvements,positive,positive,0.9041392207145691,0.009993011131882668,0.08586776256561279,0.9041392207145691
add fonts and stuff,positive,positive,0.8995247483253479,0.012637322768568993,0.08783787488937378,0.8995247483253479
please add some more features,positive,positive,0.6878488063812256,0.017207229509949684,0.29494398832321167,0.6878488063812256
wish you could choose a friends to be part of the emoji,neutral,positive,0.5138233304023743,0.019300200045108795,0.46687647700309753,0.5138233304023743
this app is useless. if i hit the home button the app plays in the background of my phone without the tree dying. that literally defeats the entire purpose of the app,negative,negative,0.9689364433288574,0.9689364433288574,0.02246749773621559,0.008596138097345829
now i accepted it,positive,positive,0.4637600779533386,0.139625683426857,0.3966142535209656,0.4637600779533386
support for password protected documents.,neutral,positive,0.8221322894096375,0.01696571707725525,0.16090194880962372,0.8221322894096375
discord came out and improved on slack in every way. there is no reason to use this trash anymore.,negative,negative,0.9588521122932434,0.9588521122932434,0.033192653208971024,0.007955229841172695
not anymore waste of time,negative,negative,0.9039263129234314,0.9039263129234314,0.07470188289880753,0.021371757611632347
not able to sign in,negative,negative,0.9477443099021912,0.9477443099021912,0.044121868908405304,0.008133911527693272
edit: i found the lemons and how to kill trees,positive,neutral,0.5412786602973938,0.13414497673511505,0.5412786602973938,0.32457631826400757
always eror <url> this app,negative,positive,0.6378869414329529,0.11860644072294235,0.24350661039352417,0.6378869414329529
has too much space for ads. premium for login. there are more user friendly ways to monetize your app. the concept is ok but poorly executed,negative,negative,0.7499430775642395,0.7499430775642395,0.23391889035701752,0.01613811030983925
"since using a new update, my htc one x, always not <url>",negative,negative,0.8420833945274353,0.8420833945274353,0.1357613056898117,0.0221552737057209
wpupd give more stars if we could use this app on fb messenger,neutral,neutral,0.6930745840072632,0.10226185619831085,0.6930745840072632,0.20466358959674835
"not more reliable as the desktop app, but it is enough to get by",neutral,neutral,0.6874860525131226,0.0143938222900033,0.6874860525131226,0.2981201708316803
does not open all pdf files that you can open with adobe on the pc. uninstalled.,negative,negative,0.9663681387901306,0.9663681387901306,0.02752939611673355,0.006102463696151972
"really bad. zoom removes text, outer viewmode locks scrolling etc etc",negative,negative,0.9642159342765808,0.9642159342765808,0.029104813933372498,0.006679208483546972
i think the app is ment for book worms and book worms like me love it,neutral,positive,0.8285483717918396,0.04459123685956001,0.12686042487621307,0.8285483717918396
chat app or ads app,negative,negative,0.9058068990707397,0.9058068990707397,0.0814824253320694,0.012710732407867908
"good accuracy, clean look and good features.",positive,positive,0.9232687950134277,0.010118233971297741,0.06661301106214523,0.9232687950134277
tree doesn't whether if i leave the app n play game this app sucks,negative,negative,0.9103003740310669,0.9103003740310669,0.07911234349012375,0.010587332770228386
even worse than photoshop,negative,negative,0.8872606158256531,0.8872606158256531,0.09449327737092972,0.01824611984193325
begging for bookmark and copy paste option <url>,neutral,negative,0.7457324862480164,0.7457324862480164,0.22540172934532166,0.02886582352221012
forgets where i was when killed by the system,neutral,negative,0.7035789489746094,0.7035789489746094,0.26075825095176697,0.03566275164484978
very good. am no lonnger using infinix <number> am using mi note and it is very difficut for me to update my mi note phone.,neutral,positive,0.6318711042404175,0.012238094583153725,0.35589081048965454,0.6318711042404175
not easy to use,neutral,neutral,0.6820025444030762,0.2702423334121704,0.6820025444030762,0.04775509983301163
good app but huge filespace,neutral,neutral,0.5216255187988281,0.01711191050708294,0.5216255187988281,0.46126264333724976
no substitute for this great secure app for mobile communication in real time,positive,positive,0.6758327484130859,0.0729961022734642,0.2511711120605469,0.6758327484130859
not for bald people,negative,neutral,0.49786072969436646,0.06984315812587738,0.49786072969436646,0.43229609727859497
really useful app. totally enjoyed using it. i had downloaded this without many expectations but the simplicity and perfection that this app delivered totally blew me away. hats off to the developers !! keep up the great work !!,positive,positive,0.9192855954170227,0.010508967563509941,0.07020546495914459,0.9192855954170227
"it's a good app overall, but the hourly forecast is totally unreliable. if the amatuers at weather underground can get it right <number> % of the time, why is weatherbug wrong <number> % of the time? c'mon folks, it's obviously do-able, so please try putting in the effort to get it right in the future (or at least check out the weather underground site and copy their work).",neutral,neutral,0.5540651679039001,0.010752784088253975,0.5540651679039001,0.43518200516700745
so so. like other apps in the play store. nothing special.,neutral,neutral,0.7591952085494995,0.04343945160508156,0.7591952085494995,0.197365403175354
the standard tool for exchanging documents online,positive,positive,0.9190253615379333,0.010533461347222328,0.07044120877981186,0.9190253615379333
please fix some bug n i will give u <number> star,neutral,neutral,0.5710282921791077,0.0478564091026783,0.5710282921791077,0.38111528754234314
great app over all,positive,positive,0.903507649898529,0.02551719732582569,0.07097510993480682,0.903507649898529
the app is interactive and has all the required functions.,positive,positive,0.8033864498138428,0.020312247797846794,0.1763012856245041,0.8033864498138428
it's ok but the follow me is crap,neutral,neutral,0.8287840485572815,0.02014058455824852,0.8287840485572815,0.1510753184556961
update every <number> minutes,neutral,negative,0.6198759078979492,0.6198759078979492,0.3338339030742645,0.04629015922546387
"i have installed and uninstalled repeated this several times, all it wants to do is update continuously. i can't use it at all.",negative,negative,0.9559903740882874,0.9559903740882874,0.03611141815781593,0.007898214273154736
used battery most show identity,negative,neutral,0.5286938548088074,0.39673322439193726,0.5286938548088074,0.07457293570041656
should have more filtering options. should stop nagging for a review when you've already posted one.,neutral,neutral,0.7633113265037537,0.028381165117025375,0.7633113265037537,0.20830757915973663
"after reservation want to add rooms but app just crash, keep loading",negative,negative,0.8763496279716492,0.8763496279716492,0.10800080001354218,0.01564958691596985
lost in the translation,negative,neutral,0.46230417490005493,0.4508451819419861,0.46230417490005493,0.08685063570737839
new version is much slower than the last. loading messages and channels feels sluggish and tedious.,negative,neutral,0.853847861289978,0.08830802142620087,0.853847861289978,0.05784405767917633
where did the precipitation amounts go?,negative,neutral,0.6033538579940796,0.26093995571136475,0.6033538579940796,0.13570617139339447
"it's nice, but it would be great there'd be some piercings",positive,positive,0.6422476172447205,0.009458830580115318,0.3482935428619385,0.6422476172447205
it's a good app,positive,positive,0.6742838025093079,0.009319137781858444,0.3163970410823822,0.6742838025093079
good but could be better,positive,neutral,0.6735913753509521,0.01342126913368702,0.6735913753509521,0.312987357378006
last update hosed app,negative,negative,0.9442822933197021,0.9442822933197021,0.04568145051598549,0.010036247782409191
"it keeps crashing. i like yet very annoying to keep <url> , weather stopped working.",neutral,neutral,0.5689445734024048,0.3189207911491394,0.5689445734024048,0.11213463544845581
the app would be better if you let us use calculator and <url> bcoz sometimes while studying you have to google something <url> just a suggestion.,neutral,neutral,0.5689281225204468,0.025536583736538887,0.5689281225204468,0.4055353105068207
"i love the amount of data and the warnings. however in the last <number> months the application has failed to work often at least once a day. if this issue could be solved, i would give the app <number> stars.",neutral,positive,0.8786739706993103,0.01249746885150671,0.1088285744190216,0.8786739706993103
you just need to add box braids as a hairstyle,positive,positive,0.8330743312835693,0.011310561560094357,0.15561504662036896,0.8330743312835693
its nice to receive anything,positive,positive,0.6679366230964661,0.011495623737573624,0.32056769728660583,0.6679366230964661
this app is awful,negative,negative,0.9694613218307495,0.9694613218307495,0.023827113211154938,0.006711541675031185
"bummer! now i am a former usser!!!! no-ads weatherbug, where are you? hello?",negative,negative,0.564802348613739,0.564802348613739,0.39070090651512146,0.04449677839875221
good for an <url>,neutral,neutral,0.6660569906234741,0.024029940366744995,0.6660569906234741,0.30991312861442566
this is very bad,neutral,negative,0.9680437445640564,0.9680437445640564,0.024900896474719048,0.007055402733385563
doesnt work on the gs <number>,negative,negative,0.9571788311004639,0.9571788311004639,0.036660075187683105,0.006161029450595379
too much ads not good for kids,neutral,neutral,0.7179717421531677,0.22696904838085175,0.7179717421531677,0.05505916848778725
not working properly in android above <number> . <number>,positive,negative,0.9633165001869202,0.9633165001869202,0.029603242874145508,0.00708021130412817
slow sometimes especially during video and audio calls. the app just hangs and stops working.,positive,neutral,0.8610413074493408,0.05713113024830818,0.8610413074493408,0.08182758092880249
if i could alter the apps appearance to allow for inverted colour schemes i would give it <number> stars other than that this is a brilliant app.,positive,positive,0.921798586845398,0.01069688517600298,0.06750447303056717,0.921798586845398
one of the <signature>,neutral,positive,0.9089311957359314,0.018140524625778198,0.072928287088871,0.9089311957359314
"it's not working for me, i'm using samsung tab <number> mini, it's asking for confirmation of date of birth",negative,negative,0.7877885699272156,0.7877885699272156,0.1905141919851303,0.021697266027331352
"i can use other app meanwhile timer is running , so no use waste app",negative,negative,0.9013563394546509,0.9013563394546509,0.08240843564271927,0.016235308721661568
app is up to date and easy to read.,positive,positive,0.8427616357803345,0.011565858498215675,0.1456725299358368,0.8427616357803345
"do not waste your time. if u think u can save the earth but no, you have to buy premium first to plant trees. absolute a waste timer",negative,negative,0.9691494703292847,0.9691494703292847,0.02380981855094433,0.007040679920464754
sluggish compared to other pdf readers but renders well.,neutral,positive,0.5393040180206299,0.013322045095264912,0.4473739266395569,0.5393040180206299
"i don't need this, but i'm sure someone will need it.",positive,neutral,0.7111384272575378,0.03446444496512413,0.7111384272575378,0.25439712405204773
"really fast, good and probably the <signature>",positive,positive,0.8849830031394958,0.008927674032747746,0.106089286506176,0.8849830031394958
"my team, tired of waiting for a department driven initiative for collaboration tools, decided to start using this for ourselves. it's been a great experience so far - quicker responses, easy file sharing, organising social outings and reaching out to the whole team at once etc. the <signature>",positive,positive,0.8940062522888184,0.01725848950445652,0.08873526751995087,0.8940062522888184
bad uploaded pic display,negative,negative,0.9040504097938538,0.9040504097938538,0.08275910466909409,0.01319044828414917
i like this app is very useful,neutral,positive,0.8866360187530518,0.01266507152467966,0.10069892555475235,0.8866360187530518
"i was not able to open the app even after reinstalling it twice so instead i installed ""flip flop"" app which is also a similar app",negative,negative,0.912733256816864,0.912733256816864,0.07508505880832672,0.012181716971099377
what's with all the new permissions?,negative,negative,0.8924173712730408,0.8924173712730408,0.09284809976816177,0.014734522439539433
the new automatic markdown feature sucks!!! and you cannot turn it off,negative,negative,0.9546647667884827,0.9546647667884827,0.036969128996133804,0.008366079069674015
now it use very long time for export photo.,negative,positive,0.7946264147758484,0.01897645741701126,0.18639712035655975,0.7946264147758484
can't import pictures,negative,negative,0.5619547963142395,0.5619547963142395,0.4107114374637604,0.027333777397871017
i love it but for some reason it doesn't work well on my samsung. if it worked better with my phone a higher rating,neutral,positive,0.8206941485404968,0.020190728828310966,0.15911509096622467,0.8206941485404968
did more things to say and more holiday,neutral,neutral,0.45501813292503357,0.09033296257257462,0.45501813292503357,0.4546489119529724
can not open edited images on my galaxy note <number>,negative,negative,0.49251922965049744,0.49251922965049744,0.47369980812072754,0.03378093242645264
the confirmation details is not shown on <number> rd party screen. not useful if i have to inform <number> rd party of the confirmation details.,neutral,neutral,0.8330479860305786,0.07936106622219086,0.8330479860305786,0.08759099245071411
never sends the correct emoji.,negative,negative,0.8764703273773193,0.8764703273773193,0.11115887761116028,0.012370824813842773
please add save image setting,positive,neutral,0.6176654100418091,0.05671503394842148,0.6176654100418091,0.32561954855918884
i cant run the app after new update!!!,neutral,negative,0.9703444242477417,0.9703444242477417,0.023334207013249397,0.006321399472653866
ads thats the only thing spoiling this <url> bcz ads are source of income <url> lose this app the source ur getting ads,negative,negative,0.8867417573928833,0.8867417573928833,0.09391860663890839,0.019339656457304955
i have had this app for a while and it works really well,negative,positive,0.8376384973526001,0.013339057564735413,0.1490224152803421,0.8376384973526001
mostly good except- sucks too much background data and not freindly to my battery . should shut itself down.,neutral,neutral,0.8042510747909546,0.022977493703365326,0.8042510747909546,0.17277146875858307
"fairly accurate, wish the radar would update a little quicker",positive,positive,0.7943753600120544,0.007990176789462566,0.1976344734430313,0.7943753600120544
what's up with it?,negative,negative,0.6550570130348206,0.6550570130348206,0.3172604739665985,0.027682499960064888
up browser is <signature>,positive,neutral,0.43087321519851685,0.17720147967338562,0.43087321519851685,0.39192527532577515
nice app but i can't highlight my text i pressed that longer but it couldn't work please check this out,positive,neutral,0.6925575137138367,0.020808912813663483,0.6925575137138367,0.28663358092308044
love it but the radar needs future time,positive,positive,0.5641241073608398,0.030552268028259277,0.4053235948085785,0.5641241073608398
itss ok but not good at <url>,neutral,neutral,0.8506834506988525,0.03202555328607559,0.8506834506988525,0.11729095131158829
animation does not work. really disappointed. use everyday for work. moving on to the weather channel app. never fails.,negative,negative,0.9599655270576477,0.9599655270576477,0.033175867050886154,0.006858522538095713
"maybe if the app followed material design guidelines, i would have rated it <number> stars. the controls are based on ios, so it's not easy to find your way, but overall it's a good photo app.",positive,positive,0.567836582660675,0.012254782021045685,0.4199085831642151,0.567836582660675
new layout v <number>,positive,neutral,0.5409263372421265,0.17184136807918549,0.5409263372421265,0.28723227977752686
it does not install,positive,negative,0.9683309197425842,0.9683309197425842,0.025205878540873528,0.006463275756686926
"its amazing app, but unfortunately after the new updation the app forced to close when importing a new photo. so please fix that bug immediately",positive,neutral,0.5414416790008545,0.017232803627848625,0.5414416790008545,0.44132551550865173
try hotel tonight - $ <number> free,neutral,negative,0.7146042585372925,0.7146042585372925,0.24080292880535126,0.04459279775619507
"it's like <number> stars for the app, <number> star for new booking assistant. god damn it, how the hell can i just answer the message i got from a property???!!! why do i need to see <number> questions of an assistant instead, that i can not delete and that just mess up all the dialog! hate it. really hate this feature! do like everything else though.",positive,negative,0.5997290015220642,0.5997290015220642,0.3433707654476166,0.056900277733802795
been a good weather app for me! thumbs up!,positive,positive,0.5270013213157654,0.025003554299473763,0.4479950964450836,0.5270013213157654
i guess it's <url>,positive,neutral,0.5845743417739868,0.05971657857298851,0.5845743417739868,0.35570913553237915
loved it before update,neutral,negative,0.5376504063606262,0.5376504063606262,0.39369967579841614,0.06864992529153824
it is good news app but some improvement required in spelling and language.,positive,positive,0.7487139701843262,0.009189935401082039,0.24209609627723694,0.7487139701843262
"as a frequent user , you should have few options as reward the client should choose between",positive,neutral,0.5533437132835388,0.03364020586013794,0.5533437132835388,0.41301605105400085
no bookmark or jump to <url> really annoying,negative,negative,0.6987505555152893,0.6987505555152893,0.27429887652397156,0.026950566098093987
app is <url> service sucks,neutral,neutral,0.47964727878570557,0.3734140396118164,0.47964727878570557,0.14693869650363922
i can't use web mobile in <url>,negative,negative,0.8818508386611938,0.8818508386611938,0.10587409138679504,0.01227499172091484
the new button is super poopy.,negative,positive,0.511798620223999,0.05031312629580498,0.4378882646560669,0.511798620223999
"i love it, but desperately needs to save last <url> and place within that <url> a bookmarking function!",neutral,positive,0.7533409595489502,0.04016837477684021,0.2064906805753708,0.7533409595489502
"simple to use,in a straight forward easy to understand format. <signature>",positive,positive,0.8892155885696411,0.0105702243745327,0.10021419078111649,0.8892155885696411
i saw no last minute rates as promised on the description.,negative,neutral,0.6854392290115356,0.1985713392496109,0.6854392290115356,0.11598946154117584
if you browse like i do this is a must have. i rated it <number> stars before but now it is becoming a mess. you are killing its reputation with ads. i must wait for few seconds advert to finish before browsing.,neutral,negative,0.7436508536338806,0.7436508536338806,0.21657435595989227,0.03977483883500099
the drawer is old,negative,neutral,0.5990001559257507,0.3083277940750122,0.5990001559257507,0.09267207980155945
what a great messanger. you make us who separated a kilometers away can gather in one place. keep <url>,positive,negative,0.5034654140472412,0.5034654140472412,0.4259123206138611,0.07062231749296188
add text option please,neutral,positive,0.5476270318031311,0.019001519307494164,0.4333714544773102,0.5476270318031311
new logo looks like swastika maybe next time dev team will worked on app ram usage?,negative,neutral,0.6646261215209961,0.11802861839532852,0.6646261215209961,0.2173452526330948
don't use. can't uninstall on tablet,neutral,negative,0.9513015151023865,0.9513015151023865,0.04317941889166832,0.005519002676010132
fast but doesn't allow you to jump to pages no good for big ebooks,neutral,neutral,0.7247599959373474,0.20744797587394714,0.7247599959373474,0.06779200583696365
how can i make a video call??,positive,positive,0.5337685942649841,0.03977299854159355,0.4264584481716156,0.5337685942649841
easy to use and useful,positive,positive,0.9300106763839722,0.009615843184292316,0.06037342548370361,0.9300106763839722
"i saw this app on engadget and was excited to try it. however, the hdr mode does not work on my phone. i have a samsung galaxy s <number> edge. it is listed as one of the phones that works but the option for hdr is not available on the drop-down menu.",neutral,neutral,0.742582380771637,0.1745883971452713,0.742582380771637,0.08282916247844696
i was able to update and view my bookings very easily. very convenient.,positive,positive,0.9303756356239319,0.007364945951849222,0.06225942447781563,0.9303756356239319
"it lost all my progress! i had the cat tree, octopus, etc",negative,negative,0.9203407764434814,0.9203407764434814,0.06640484929084778,0.013254371471703053
best crashes ever!!!! worthless,negative,negative,0.9520887136459351,0.9520887136459351,0.036926839500665665,0.010984412394464016
radar map never loads first try.,neutral,negative,0.8483630418777466,0.8483630418777466,0.13360975682735443,0.01802719011902809
"simple to the massage, i like bbm,cause i can see when the massage have delivered n read .",positive,positive,0.881843626499176,0.009009325876832008,0.1091470718383789,0.881843626499176
its <url> make something <url>,neutral,neutral,0.527884840965271,0.14008702337741852,0.527884840965271,0.3320281505584717
this is my favorite weather app to use. i've used it since i was a teenager. the only problem i have is that the hourly forecast is almost never right which is very inconvenient for me considering i work outside. on the bright side you can look at the radar and pretty much tell what what is gonna hit you.,neutral,positive,0.8188124299049377,0.011809691786766052,0.16937792301177979,0.8188124299049377
cant connect to facebook,neutral,negative,0.917047917842865,0.917047917842865,0.07569841295480728,0.007253691554069519
"i like it and think it's super cute and fun, but i wish it had more such as maybe tattoos or piercings and i wish you could create outfits instead of picking an outfit",positive,positive,0.9088441729545593,0.009270758368074894,0.08188503980636597,0.9088441729545593
good for quick edits on the move,positive,positive,0.6592590808868408,0.01022086851298809,0.33052006363868713,0.6592590808868408
why the almost daily updates?,neutral,neutral,0.6715431809425354,0.07400524616241455,0.6715431809425354,0.25445160269737244
terrible. i don't need creative cloud!,negative,negative,0.9689236879348755,0.9689236879348755,0.02262357622385025,0.008452718146145344
sign up form doesn't work and this app doesnt work without an adobe account so it was just a waste of time.,negative,negative,0.9708153605461121,0.9708153605461121,0.0226898156106472,0.0064947474747896194
love it but a problem?,positive,positive,0.8224425315856934,0.018082911148667336,0.15947449207305908,0.8224425315856934
does what supposed to an as far as forcast go seems good,positive,neutral,0.6656691431999207,0.01798112317919731,0.6656691431999207,0.31634974479675293
i can't import alot of my photos!,neutral,negative,0.6627758741378784,0.6627758741378784,0.31199488043785095,0.02522927336394787
horrible pdf reader. there are much better alternatives.,negative,negative,0.9681437015533447,0.9681437015533447,0.023311898112297058,0.008544391952455044
"it's great that it can read my truck's <number> , <number> page service manual right here on my phone; but i can't find anything if there is no search feature!!",neutral,neutral,0.49454575777053833,0.018192576244473457,0.49454575777053833,0.4872615933418274
it does logout of account after closing,positive,negative,0.7553641200065613,0.7553641200065613,0.2062341570854187,0.038401711732149124
"love it. would be great if you could include options to dodge and burn images, too.",positive,positive,0.8729918003082275,0.019674627110362053,0.10733359307050705,0.8729918003082275
i don't like that i can't attach to a text in gboard. i have to go through bitmoji to send in a text. it is easier to send in iphone and i can't do friendmojis,positive,neutral,0.6991520524024963,0.24823059141635895,0.6991520524024963,0.05261741578578949
"does not work on the captivate at <url> very disapointed, it just says it has failed to read found files.",negative,negative,0.9417842626571655,0.9417842626571655,0.05174084007740021,0.006474948953837156
it's an useful app,positive,positive,0.8415215015411377,0.0072278790175914764,0.15125063061714172,0.8415215015411377
is the white house in charge of it?,negative,negative,0.6290841698646545,0.6290841698646545,0.2978115677833557,0.07310428470373154
weather automation doesn't work anymore so it's stupid,negative,negative,0.8560255765914917,0.8560255765914917,0.13025587797164917,0.01371854729950428
some times its just boarding,neutral,neutral,0.7781937718391418,0.040871117264032364,0.7781937718391418,0.18093512952327728
i deplore pdfs of all kinds. <url> the only thing that can read a pdf. but this app does <url> it still sux,negative,neutral,0.5545715689659119,0.37179267406463623,0.5545715689659119,0.07363574206829071
installs another app without warning,negative,negative,0.9379875063896179,0.9379875063896179,0.0504499189555645,0.01156257838010788
it's your app so you get to choose your logo. but this new one confusing my son that slack is a game and he is complaining i keep playing this game all the time but have no shame in denying his rights to play games eternally. ps: unable to view old items unless we pay is gross.,neutral,negative,0.778157651424408,0.778157651424408,0.19624711573123932,0.025595277547836304
"other parties doin better ""reader n even writer"" than adobe!",negative,neutral,0.6553615927696228,0.15238110721111298,0.6553615927696228,0.192257359623909
takes too much time to load sometimes,positive,neutral,0.8506056070327759,0.08084405958652496,0.8506056070327759,0.06855026632547379
it is an interesting app that uses a lot of memory. but great communication tool,neutral,positive,0.8894681334495544,0.007884606719017029,0.10264726728200912,0.8894681334495544
it's amazing and faster then other <url>,neutral,positive,0.8633683919906616,0.015258598141372204,0.12137304246425629,0.8633683919906616
best weather app out there until it stopped working. won't load anything now. please <url>,negative,neutral,0.6517451405525208,0.11189061403274536,0.6517451405525208,0.23636427521705627
will be much better if it has read out <url>,positive,neutral,0.6558479070663452,0.023744292557239532,0.6558479070663452,0.32040777802467346
good overall but seems to have an issue of being unavailable or offline when other weather apps are working just fine providing the same info. <url> radar,positive,positive,0.5410192012786865,0.010718414559960365,0.44826239347457886,0.5410192012786865
does the camera support long exposure?,positive,neutral,0.7050751447677612,0.040695399045944214,0.7050751447677612,0.25422948598861694
i enjoy using it. i just have to play with it more to get more experience,positive,positive,0.906435489654541,0.01380019262433052,0.07976435124874115,0.906435489654541
it helps me a lot,positive,positive,0.8524035215377808,0.010989733040332794,0.13660672307014465,0.8524035215377808
not bad at all. great improvement.,positive,positive,0.839368462562561,0.011862807907164097,0.14876875281333923,0.839368462562561
plenty of unnessary ads,negative,neutral,0.644254207611084,0.25227904319763184,0.644254207611084,0.10346674919128418
the news feed so annoying please avoid this type of <url> or add a button for stop news <url>,negative,neutral,0.7421857118606567,0.14911192655563354,0.7421857118606567,0.1087023913860321
can be a bit complicated and in your face but it does a good job and is well supported by venues.,positive,positive,0.8195948004722595,0.008544198237359524,0.1718609780073166,0.8195948004722595
i liked it. no reply on mobile though.,positive,neutral,0.7040237784385681,0.06209823116660118,0.7040237784385681,0.23387795686721802
"works perfectly with snapchat, i hope soon it has more goth/alternative outfits and options for piercings and ear spacers. love the new hair options!",positive,positive,0.9213438034057617,0.013373289257287979,0.06528285890817642,0.9213438034057617
"it used to be a <number> star app but not every time i try to open it it crashes, please fix this asap",negative,negative,0.6607428789138794,0.6607428789138794,0.2955936789512634,0.04366343840956688
where's the support?,negative,neutral,0.6204052567481995,0.1829809695482254,0.6204052567481995,0.19661375880241394
i think nice but mobile hang krta h,neutral,positive,0.6179770827293396,0.015008105896413326,0.3670148253440857,0.6179770827293396
please add fonts in this app to write . <signature>,neutral,positive,0.5631223917007446,0.03656505048274994,0.4003125727176666,0.5631223917007446
"worked once, then has never worked again.",negative,negative,0.899019181728363,0.899019181728363,0.08385222405195236,0.01712852530181408
fix the radar! what is taking so long? i'm very close to deleting this app for good. i doubt i'm alone!,negative,negative,0.8695363998413086,0.8695363998413086,0.11233686655759811,0.01812673546373844
it is good aap for searching and downloading <url>,positive,positive,0.6585847735404968,0.010440771467983723,0.3309744596481323,0.6585847735404968
while controlling shutter speed whole app is getting freezed.,neutral,negative,0.687246561050415,0.687246561050415,0.26295530796051025,0.04979812353849411
"no full language support. what a shame, adobe.",negative,negative,0.9607243537902832,0.9607243537902832,0.03294743597507477,0.006328193936496973
it's nice <url>,neutral,positive,0.49851787090301514,0.015348570421338081,0.48613348603248596,0.49851787090301514
"this app is not at all what i had expected. it is very hard to use. at the beggining, you get small info about one fature of the app. once you start to use it, the purpose just gets confusing, how does the tree grow? is the time a stopclock, a timer, im so confused! please improve this app to be more user friendly!",negative,neutral,0.8126344680786133,0.07767771929502487,0.8126344680786133,0.10968787223100662
lost status bar info,neutral,negative,0.5606119632720947,0.5606119632720947,0.378119558095932,0.06126854196190834
it was fine before i was forced to update.,neutral,neutral,0.6748436093330383,0.18702322244644165,0.6748436093330383,0.1381331831216812
